-66,-82,-73,-70,-77,-65,1
-68,-74,-73,-69,-76,-66,1
-67,-84,-73,-69,-80,-68,1
-64,-74,-72,-69,-87,-68,1
-67,-83,-73,-80,-87,-67,1
-68,-84,-73,-84,-90,-76,1
-68,-74,-74,-81,-83,-72,1
-56,-83,-67,-70,-78,-66,1
-57,-75,-67,-70,-80,-65,1
-59,-84,-66,-83,-78,-66,1
-69,-74,-66,-80,-82,-70,1
-60,-83,-67,-70,-85,-71,1
-60,-73,-67,-68,-88,-68,1
-60,-65,-66,-71,-73,-65,1
-60,-76,-66,-77,-73,-70,1
-60,-65,-80,-74,-92,-69,1
-76,-77,-78,-72,-85,-68,1
-65,-68,-77,-69,-74,-71,1
-68,-79,-76,-69,-78,-73,1
-68,-70,-76,-66,-82,-70,1
-64,-81,-74,-66,-83,-68,1
-57,-74,-74,-67,-74,-69,1
-58,-84,-75,-66,-76,-69,1
-57,-74,-78,-67,-76,-71,1
-58,-86,-68,-69,-82,-72,1
-56,-85,-69,-70,-80,-71,1
-58,-74,-68,-70,-87,-66,1
-72,-85,-68,-74,-82,-71,1
-58,-71,-68,-63,-71,-76,1
-58,-81,-68,-99,-73,-70,1
-57,-71,-68,-69,-71,-67,1
-73,-82,-77,-66,-76,-76,1
-63,-71,-78,-68,-70,-80,1
-64,-79,-81,-63,-69,-68,1
-60,-70,-76,-98,-72,-69,1
-63,-84,-74,-63,-69,-75,1
-60,-74,-77,-62,-70,-76,1
-58,-84,-78,-99,-73,-76,1
-56,-75,-79,-67,-73,-75,1
-56,-84,-80,-67,-73,-72,1
-59,-84,-72,-69,-80,-73,1
-57,-97,-76,-74,-81,-70,1
-62,-88,-68,-66,-82,-70,1
-60,-82,-69,-71,-95,-70,1
-65,-86,-69,-78,-80,-72,1
-57,-87,-69,-70,-77,-72,1
-59,-78,-69,-72,-76,-67,1
-59,-79,-70,-66,-78,-70,1
-58,-67,-84,-66,-79,-70,1
-58,-78,-76,-75,-77,-72,1
-58,-68,-77,-74,-81,-71,1
-78,-78,-78,-67,-79,-71,1
-77,-69,-78,-68,-80,-71,1
-69,-80,-79,-68,-81,-72,1
-73,-70,-79,-77,-80,-72,1
-74,-77,-70,-66,-81,-72,1
-75,-77,-70,-66,-87,-70,1
-70,-87,-70,-79,-73,-71,1
-59,-77,-70,-71,-84,-71,1
-58,-87,-70,-79,-86,-68,1
-57,-76,-68,-78,-90,-74,1
-64,-80,-68,-68,-77,-68,1
-56,-69,-78,-68,-72,-77,1
-62,-69,-77,-70,-72,-75,1
-72,-82,-76,-65,-70,-66,1
-71,-70,-76,-63,-68,-80,1
-56,-81,-77,-65,-70,-78,1
-56,-68,-78,-64,-66,-67,1
-57,-78,-83,-65,-72,-66,1
-56,-73,-75,-65,-72,-74,1
-67,-91,-73,-70,-71,-74,1
-68,-71,-68,-68,-75,-76,1
-68,-82,-66,-65,-75,-75,1
-69,-71,-65,-65,-82,-75,1
-71,-68,-64,-72,-78,-77,1
-56,-79,-65,-72,-75,-73,1
-56,-75,-68,-72,-72,-73,1
-57,-84,-68,-72,-74,-74,1
-57,-85,-68,-64,-73,-73,1
-61,-70,-69,-66,-75,-74,1
-60,-84,-68,-73,-75,-64,1
-58,-72,-71,-76,-68,-67,1
-59,-78,-71,-76,-69,-74,1
-63,-73,-69,-70,-75,-75,1
-64,-73,-71,-69,-76,-76,1
-64,-83,-68,-69,-76,-75,1
-78,-74,-73,-69,-77,-65,1
-73,-83,-76,-80,-76,-70,1
-76,-72,-70,-84,-80,-69,1
-56,-87,-69,-81,-77,-68,1
-56,-74,-69,-70,-75,-71,1
-58,-88,-70,-70,-90,-73,1
-59,-90,-70,-83,-83,-70,1
-58,-81,-70,-80,-78,-68,1
-60,-90,-69,-70,-80,-69,1
-60,-79,-69,-68,-78,-69,1
-57,-89,-69,-71,-76,-71,1
-70,-79,-70,-77,-80,-72,1
-70,-67,-84,-74,-75,-72,1
-77,-78,-83,-72,-73,-74,1
-71,-88,-80,-73,-78,-73,2
-71,-80,-77,-70,-76,-74,2
-70,-87,-76,-90,-76,-80,2
-67,-78,-80,-66,-64,-68,2
-69,-83,-78,-67,-64,-69,2
-67,-76,-70,-69,-72,-68,2
-67,-82,-69,-80,-74,-71,2
-67,-64,-71,-82,-73,-72,2
-72,-75,-70,-81,-67,-73,2
-68,-75,-71,-78,-67,-71,2
-69,-65,-71,-78,-64,-71,2
-68,-74,-70,-79,-64,-67,2
-63,-72,-69,-67,-67,-69,2
-63,-69,-70,-74,-68,-68,2
-63,-81,-70,-68,-67,-69,2
-63,-83,-70,-69,-65,-69,2
-68,-82,-70,-69,-76,-70,2
-70,-69,-69,-82,-76,-70,2
-68,-78,-70,-92,-74,-68,2
-63,-78,-82,-84,-75,-69,2
-62,-68,-84,-72,-68,-73,2
-63,-78,-85,-74,-66,-75,2
-69,-69,-77,-74,-67,-69,2
-69,-79,-80,-93,-75,-70,2
-69,-64,-82,-81,-74,-74,2
-67,-74,-72,-74,-75,-73,2
-67,-74,-71,-73,-67,-73,2
-67,-63,-71,-73,-65,-69,2
-66,-74,-71,-73,-65,-69,2
-64,-64,-72,-69,-66,-70,2
-63,-74,-72,-67,-72,-67,2
-63,-64,-72,-69,-72,-66,2
-63,-77,-80,-73,-73,-67,2
-68,-67,-82,-74,-67,-75,2
-67,-77,-82,-76,-66,-76,2
-67,-67,-83,-65,-67,-72,2
-63,-76,-91,-69,-71,-63,2
-64,-67,-88,-73,-71,-77,2
-64,-78,-84,-78,-72,-72,2
-70,-68,-81,-72,-75,-71,2
-69,-75,-80,-77,-88,-69,2
-68,-65,-72,-78,-80,-76,2
-69,-75,-74,-70,-66,-72,2
-70,-75,-73,-68,-67,-65,2
-69,-65,-75,-83,-67,-67,2
-70,-75,-76,-80,-70,-67,2
-73,-65,-74,-79,-70,-67,2
-70,-78,-76,-67,-70,-68,2
-72,-68,-69,-66,-69,-68,2
-76,-68,-69,-66,-66,-72,2
-75,-78,-69,-71,-66,-71,2
-71,-68,-69,-70,-67,-74,2
-75,-79,-68,-70,-73,-74,2
-80,-67,-68,-77,-72,-67,2
-78,-76,-68,-76,-69,-67,2
-76,-66,-92,-74,-69,-67,2
-69,-75,-92,-74,-69,-81,2
-64,-65,-85,-74,-80,-83,2
-63,-76,-86,-76,-76,-75,2
-73,-66,-79,-81,-81,-66,2
-70,-76,-69,-73,-74,-64,2
-68,-66,-69,-67,-73,-66,2
-67,-68,-68,-66,-78,-76,2
-71,-78,-69,-70,-70,-72,2
-68,-67,-69,-70,-71,-78,2
-67,-78,-69,-70,-68,-76,2
-64,-67,-69,-66,-73,-76,2
-66,-78,-68,-66,-72,-76,2
-66,-69,-89,-66,-73,-74,2
-83,-79,-85,-69,-68,-80,2
-82,-67,-82,-69,-68,-84,2
-81,-76,-84,-72,-75,-81,2
-78,-66,-78,-77,-77,-79,2
-68,-77,-81,-78,-80,-65,2
-69,-66,-77,-76,-73,-65,2
-68,-77,-77,-67,-71,-65,2
-68,-66,-75,-76,-71,-65,2
-66,-76,-75,-76,-68,-76,2
-70,-63,-70,-72,-68,-74,2
-77,-74,-74,-66,-68,-65,2
-63,-63,-74,-68,-70,-65,2
-68,-73,-68,-67,-71,-64,2
-71,-74,-67,-73,-71,-74,2
-77,-62,-66,-73,-69,-73,2
-73,-73,-68,-73,-68,-86,2
-71,-72,-66,-75,-68,-85,2
-75,-84,-66,-74,-77,-86,2
-68,-76,-67,-75,-78,-65,2
-77,-80,-65,-75,-70,-66,2
-71,-77,-64,-76,-69,-84,2
-73,-90,-62,-77,-79,-82,2
-70,-81,-61,-81,-80,-71,2
-72,-83,-61,-71,-76,-70,2
-71,-64,-61,-71,-75,-70,2
-72,-67,-62,-70,-78,-69,2
-68,-75,-68,-73,-76,-68,2
-69,-64,-68,-67,-76,-71,2
-68,-70,-67,-66,-64,-72,2
-67,-82,-66,-70,-72,-73,2
-70,-71,-66,-70,-72,-71,2
-72,-72,-79,-69,-90,-72,3
-75,-63,-73,-69,-87,-72,3
-73,-83,-66,-69,-80,-73,3
-72,-77,-68,-66,-70,-74,3
-76,-87,-68,-70,-73,-69,3
-80,-74,-67,-74,-74,-71,3
-78,-84,-67,-79,-71,-73,3
-77,-72,-67,-73,-68,-80,3
-71,-73,-62,-73,-67,-82,3
-71,-73,-71,-74,-71,-81,3
-72,-64,-71,-77,-71,-72,3
-73,-57,-73,-70,-75,-72,3
-76,-67,-69,-77,-74,-72,3
-76,-57,-62,-78,-64,-69,3
-75,-67,-65,-78,-67,-69,3
-85,-57,-66,-76,-68,-75,3
-82,-77,-67,-73,-68,-74,3
-82,-66,-72,-76,-71,-70,3
-77,-74,-80,-78,-73,-71,3
-75,-61,-76,-76,-68,-71,3
-73,-72,-72,-78,-68,-71,3
-72,-62,-71,-80,-68,-70,3
-76,-74,-70,-78,-68,-70,3
-76,-63,-72,-75,-69,-82,3
-76,-77,-76,-82,-69,-83,3
-77,-67,-78,-81,-69,-84,3
-76,-77,-80,-82,-69,-71,3
-75,-67,-80,-76,-68,-70,3
-75,-77,-81,-76,-68,-85,3
-75,-67,-62,-71,-69,-82,3
-74,-76,-62,-76,-72,-71,3
-77,-66,-62,-71,-73,-71,3
-77,-76,-62,-82,-70,-71,3
-77,-60,-67,-81,-71,-70,3
-77,-70,-66,-85,-70,-70,3
-77,-60,-66,-75,-69,-78,3
-77,-70,-65,-76,-73,-81,3
-76,-59,-66,-83,-71,-72,3
-75,-70,-66,-71,-76,-73,3
-73,-60,-66,-70,-66,-78,3
-74,-70,-70,-74,-65,-74,3
-76,-65,-62,-78,-67,-74,3
-78,-76,-63,-72,-72,-70,3
-80,-78,-62,-71,-68,-78,3
-77,-66,-61,-82,-64,-73,3
-74,-74,-62,-78,-70,-76,3
-77,-65,-61,-84,-70,-73,3
-73,-76,-61,-74,-65,-73,3
-74,-71,-71,-73,-66,-70,3
-82,-61,-71,-75,-71,-70,3
-78,-71,-71,-82,-71,-74,3
-69,-61,-72,-78,-71,-71,3
-82,-71,-73,-77,-71,-72,3
-81,-61,-72,-84,-70,-71,3
-75,-70,-72,-85,-69,-80,3
-72,-64,-73,-88,-67,-83,3
-70,-74,-66,-89,-67,-80,3
-68,-63,-64,-84,-68,-75,3
-68,-74,-66,-73,-72,-73,3
-76,-74,-66,-72,-73,-72,3
-77,-63,-67,-84,-74,-90,3
-68,-74,-67,-86,-69,-96,3
-72,-63,-67,-85,-67,-72,3
-70,-77,-66,-73,-68,-73,3
-72,-66,-74,-72,-67,-74,3
-69,-75,-74,-73,-68,-76,3
-76,-74,-73,-81,-71,-74,3
-77,-64,-72,-76,-70,-74,3
-76,-74,-72,-78,-71,-83,3
-76,-65,-71,-92,-69,-83,3
-85,-74,-72,-84,-69,-83,3
-80,-62,-67,-76,-68,-74,3
-77,-73,-67,-76,-70,-74,3
-67,-63,-68,-76,-70,-73,3
-72,-74,-69,-81,-70,-84,3
-77,-64,-68,-88,-69,-83,3
-77,-74,-68,-77,-67,-74,3
-78,-63,-68,-77,-67,-74,3
-76,-77,-68,-76,-68,-75,3
-78,-67,-62,-77,-74,-73,3
-73,-77,-62,-76,-67,-71,3
-73,-67,-62,-77,-67,-73,3
-73,-77,-62,-76,-67,-73,3
-74,-66,-62,-76,-74,-74,3
-73,-77,-62,-78,-73,-72,3
-72,-70,-62,-80,-68,-73,3
-72,-60,-73,-71,-68,-73,3
-73,-70,-74,-71,-68,-82,3
-78,-70,-72,-71,-67,-82,3
-80,-60,-73,-73,-67,-82,3
-78,-70,-77,-85,-67,-73,3
-73,-59,-76,-75,-70,-74,3
-76,-76,-72,-76,-69,-80,3
-74,-60,-72,-83,-70,-80,3
-74,-70,-61,-71,-68,-80,3
-77,-60,-61,-70,-90,-72,3
-76,-60,-63,-74,-80,-87,3
-76,-70,-64,-78,-70,-82,3
-74,-60,-64,-72,-73,-81,3
-72,-71,-63,-71,-74,-72,3
-75,-75,-67,-77,-70,-76,4
-84,-59,-68,-78,-79,-67,4
-70,-69,-66,-85,-72,-71,4
-69,-71,-64,-74,-70,-72,4
-69,-56,-66,-81,-69,-71,4
-73,-67,-62,-77,-67,-72,4
-76,-55,-61,-67,-67,-68,4
-74,-68,-61,-66,-84,-67,4
-74,-58,-64,-67,-83,-67,4
-76,-69,-80,-78,-68,-88,4
-77,-58,-65,-82,-67,-79,4
-78,-69,-67,-84,-67,-72,4
-80,-58,-68,-71,-70,-71,4
-68,-70,-69,-70,-76,-66,4
-69,-60,-70,-74,-87,-69,4
-68,-71,-67,-73,-70,-71,4
-77,-61,-67,-73,-69,-72,4
-69,-73,-67,-75,-71,-71,4
-70,-64,-68,-86,-69,-75,4
-72,-72,-67,-77,-72,-80,4
-69,-60,-66,-72,-71,-70,4
-70,-60,-66,-84,-72,-71,4
-71,-70,-65,-81,-77,-76,4
-70,-60,-64,-80,-76,-76,4
-73,-64,-64,-73,-76,-75,4
-72,-74,-70,-75,-72,-72,4
-73,-62,-70,-73,-71,-70,4
-75,-71,-71,-74,-72,-70,4
-88,-60,-71,-73,-67,-69,4
-70,-70,-70,-76,-67,-71,4
-72,-59,-71,-74,-79,-73,4
-73,-59,-73,-76,-75,-74,4
-87,-67,-76,-76,-72,-67,4
-80,-57,-65,-78,-66,-68,4
-82,-68,-70,-77,-67,-81,4
-80,-58,-62,-72,-67,-71,4
-78,-70,-60,-77,-90,-72,4
-80,-59,-61,-74,-74,-74,4
-80,-79,-61,-76,-76,-80,4
-70,-66,-61,-80,-71,-72,4
-71,-71,-62,-88,-74,-72,4
-72,-57,-61,-70,-71,-72,4
-78,-65,-62,-69,-83,-83,4
-77,-57,-62,-68,-85,-86,4
-76,-67,-62,-69,-77,-87,4
-74,-57,-62,-67,-72,-76,4
-71,-70,-63,-67,-72,-83,4
-72,-60,-72,-71,-73,-74,4
-71,-59,-76,-76,-79,-82,4
-71,-70,-72,-71,-79,-70,4
-77,-58,-74,-72,-78,-74,4
-78,-70,-70,-67,-75,-79,4
-76,-68,-70,-70,-91,-70,4
-76,-68,-68,-76,-78,-70,4
-77,-64,-68,-76,-78,-71,4
-73,-76,-63,-77,-77,-71,4
-74,-60,-62,-67,-68,-71,4
-70,-70,-61,-67,-69,-74,4
-76,-70,-62,-67,-68,-75,4
-72,-67,-61,-76,-77,-74,4
-74,-65,-62,-77,-77,-73,4
-75,-80,-61,-78,-76,-69,4
-69,-67,-61,-78,-67,-66,4
-70,-79,-66,-75,-67,-70,4
-69,-70,-68,-78,-67,-66,4
-71,-62,-68,-77,-70,-63,4
-70,-72,-67,-77,-69,-66,4
-69,-62,-67,-76,-77,-66,4
-76,-63,-68,-74,-69,-67,4
-78,-73,-68,-79,-70,-72,4
-77,-62,-62,-87,-72,-67,4
-93,-72,-61,-78,-80,-66,4
-86,-57,-61,-78,-78,-67,4
-76,-67,-61,-79,-67,-73,4
-72,-57,-62,-76,-70,-66,4
-77,-67,-61,-73,-67,-97,4
-74,-57,-61,-80,-66,-71,4
-74,-68,-66,-83,-73,-74,4
-73,-57,-65,-80,-67,-73,4
-80,-67,-66,-76,-76,-68,4
-81,-57,-65,-82,-82,-64,4
-80,-75,-65,-80,-76,-99,4
-70,-62,-64,-76,-71,-65,4
-69,-72,-64,-68,-66,-78,4
-69,-71,-64,-67,-70,-72,4
-69,-60,-66,-79,-71,-76,4
-72,-71,-66,-75,-76,-76,4
-78,-60,-65,-76,-80,-72,4
-75,-71,-65,-72,-64,-71,4
-77,-61,-66,-77,-77,-69,4
-71,-72,-67,-78,-76,-71,4
-71,-65,-68,-82,-70,-72,4
-82,-71,-69,-84,-79,-71,4
-85,-64,-68,-71,-72,-75,4
-82,-83,-71,-70,-70,-80,4
-80,-73,-72,-74,-69,-70,4
-80,-61,-70,-73,-67,-71,4
-76,-69,-78,-73,-77,-76,4
-70,-59,-68,-75,-80,-73,4
-69,-71,-69,-86,-73,-72,4
-78,-61,-65,-86,-68,-68,5
-79,-71,-69,-92,-68,-70,5
-80,-61,-71,-89,-72,-62,5
-72,-72,-73,-81,-70,-99,5
-71,-60,-61,-78,-71,-62,5
-70,-68,-61,-84,-73,-99,5
-76,-58,-61,-82,-71,-99,5
-78,-57,-62,-88,-68,-62,5
-77,-67,-63,-89,-66,-76,5
-77,-58,-64,-77,-74,-74,5
-86,-58,-62,-80,-76,-72,5
-83,-69,-67,-80,-73,-70,5
-80,-59,-71,-78,-66,-72,5
-72,-69,-70,-87,-75,-63,5
-82,-58,-68,-74,-75,-71,5
-80,-69,-69,-77,-72,-65,5
-82,-69,-69,-75,-83,-66,5
-81,-58,-70,-78,-74,-73,5
-80,-76,-71,-83,-74,-71,5
-75,-64,-72,-78,-68,-75,5
-77,-68,-69,-81,-69,-68,5
-77,-62,-68,-84,-67,-71,5
-72,-74,-65,-79,-68,-72,5
-74,-65,-60,-77,-72,-78,5
-75,-73,-60,-77,-69,-83,5
-78,-64,-60,-74,-68,-82,5
-74,-76,-60,-74,-70,-70,5
-74,-60,-60,-74,-69,-72,5
-75,-53,-61,-77,-74,-71,5
-76,-64,-70,-77,-65,-69,5
-82,-57,-70,-79,-101,-67,5
-84,-60,-63,-77,-63,-68,5
-86,-68,-61,-77,-63,-67,5
-84,-62,-57,-78,-63,-67,5
-72,-74,-59,-75,-80,-66,5
-71,-71,-58,-88,-77,-74,5
-71,-62,-60,-88,-66,-73,5
-72,-75,-60,-90,-67,-68,5
-71,-59,-60,-87,-74,-69,5
-72,-59,-64,-83,-73,-74,5
-70,-66,-63,-96,-74,-62,5
-77,-57,-64,-90,-74,-100,5
-72,-68,-68,-77,-67,-63,5
-71,-56,-69,-76,-70,-100,5
-74,-64,-64,-83,-73,-73,5
-74,-55,-66,-83,-76,-80,5
-74,-64,-66,-77,-67,-64,5
-88,-54,-64,-77,-67,-66,5
-87,-77,-72,-80,-68,-66,5
-81,-71,-74,-82,-78,-84,5
-78,-76,-70,-80,-72,-79,5
-75,-66,-74,-76,-74,-74,5
-76,-73,-64,-75,-74,-75,5
-80,-63,-63,-74,-86,-75,5
-81,-73,-74,-84,-89,-64,5
-80,-65,-67,-80,-76,-64,5
-82,-67,-64,-80,-75,-64,5
-78,-58,-61,-83,-76,-74,5
-80,-73,-62,-82,-72,-74,5
-74,-62,-61,-82,-72,-74,5
-77,-73,-60,-76,-73,-63,5
-75,-61,-62,-73,-76,-63,5
-76,-70,-62,-73,-77,-63,5
-76,-60,-65,-82,-75,-78,5
-78,-72,-60,-82,-70,-76,5
-80,-66,-64,-82,-72,-77,5
-84,-70,-64,-74,-72,-81,5
-83,-69,-70,-72,-94,-80,5
-88,-57,-69,-73,-90,-82,5
-86,-68,-71,-79,-76,-78,5
-78,-58,-60,-79,-76,-79,5
-80,-68,-61,-79,-74,-76,5
-85,-77,-63,-82,-72,-77,5
-85,-81,-64,-81,-72,-76,5
-88,-72,-63,-81,-72,-63,5
-86,-76,-62,-78,-71,-63,5
-75,-72,-62,-80,-74,-102,5
-78,-79,-62,-78,-75,-64,5
-74,-65,-60,-80,-75,-63,5
-75,-74,-60,-80,-70,-81,5
-76,-63,-60,-77,-71,-83,5
-76,-69,-60,-76,-71,-64,5
-74,-60,-60,-76,-86,-64,5
-82,-61,-60,-77,-82,-64,5
-84,-71,-67,-79,-82,-82,5
-80,-60,-70,-81,-76,-79,5
-79,-71,-71,-74,-74,-77,5
-74,-65,-69,-75,-76,-74,5
-73,-76,-68,-90,-84,-75,5
-74,-65,-70,-82,-89,-76,5
-74,-74,-65,-82,-71,-64,5
-90,-60,-65,-84,-70,-64,5
-84,-71,-65,-82,-74,-63,5
-87,-61,-69,-88,-86,-76,5
-86,-72,-71,-89,-89,-74,5
-76,-57,-69,-77,-76,-76,5
-75,-72,-76,-80,-75,-65,5
-76,-64,-60,-80,-76,-64,5
-77,-74,-61,-78,-72,-75,5
-77,-74,-61,-87,-72,-64,5
-82,-99,-64,-82,-67,-60,6
-83,-80,-63,-83,-67,-95,6
-80,-74,-55,-90,-67,-60,6
-83,-64,-55,-77,-77,-97,6
-84,-75,-55,-76,-78,-97,6
-83,-66,-55,-80,-87,-67,6
-82,-68,-55,-79,-81,-72,6
-83,-76,-56,-78,-74,-73,6
-82,-67,-56,-89,-69,-97,6
-82,-88,-62,-78,-67,-60,6
-86,-77,-61,-84,-68,-96,6
-88,-87,-61,-82,-70,-60,6
-85,-76,-62,-77,-74,-96,6
-83,-87,-62,-80,-83,-97,6
-80,-76,-62,-82,-70,-60,6
-82,-82,-63,-82,-72,-72,6
-76,-74,-58,-87,-72,-73,6
-78,-74,-58,-82,-76,-63,6
-97,-66,-59,-84,-90,-64,6
-81,-77,-57,-79,-74,-66,6
-83,-66,-60,-80,-78,-65,6
-80,-77,-65,-78,-79,-66,6
-80,-73,-66,-89,-76,-68,6
-83,-80,-57,-90,-79,-72,6
-81,-67,-56,-76,-71,-67,6
-82,-75,-56,-82,-72,-64,6
-87,-70,-56,-83,-66,-100,6
-83,-67,-57,-81,-66,-63,6
-80,-79,-57,-76,-66,-100,6
-80,-68,-57,-73,-81,-64,6
-80,-80,-57,-87,-74,-98,6
-83,-78,-60,-86,-82,-70,6
-94,-68,-63,-85,-78,-69,6
-90,-76,-70,-82,-80,-60,6
-86,-64,-62,-77,-77,-60,6
-81,-69,-57,-74,-76,-97,6
-82,-75,-65,-75,-74,-60,6
-80,-64,-66,-75,-74,-65,6
-82,-74,-65,-72,-74,-64,6
-84,-77,-58,-76,-77,-65,6
-85,-65,-60,-75,-75,-60,6
-84,-76,-60,-75,-78,-60,6
-80,-66,-61,-73,-74,-98,6
-94,-76,-61,-84,-74,-60,6
-91,-66,-62,-80,-80,-97,6
-89,-77,-57,-84,-80,-98,6
-76,-73,-56,-80,-73,-61,6
-76,-81,-60,-78,-73,-66,6
-76,-68,-61,-78,-73,-66,6
-81,-80,-63,-86,-74,-65,6
-80,-69,-61,-86,-72,-65,6
-76,-80,-61,-78,-72,-63,6
-76,-68,-59,-78,-76,-97,6
-76,-78,-61,-73,-76,-96,6
-76,-72,-56,-73,-71,-97,6
-76,-75,-56,-73,-71,-60,6
-74,-66,-56,-86,-71,-61,6
-81,-71,-58,-85,-76,-97,6
-80,-60,-60,-73,-73,-63,6
-80,-70,-58,-73,-75,-64,6
-81,-57,-58,-73,-74,-60,6
-91,-71,-58,-85,-74,-96,6
-89,-60,-58,-87,-77,-60,6
-88,-80,-57,-78,-72,-98,6
-76,-77,-57,-75,-74,-60,6
-76,-68,-57,-79,-72,-69,6
-76,-80,-57,-78,-74,-72,6
-77,-69,-56,-76,-78,-71,6
-91,-79,-56,-78,-81,-65,6
-92,-68,-67,-79,-77,-67,6
-77,-78,-62,-71,-71,-67,6
-76,-67,-57,-82,-71,-66,6
-76,-73,-58,-90,-68,-67,6
-76,-63,-58,-80,-76,-66,6
-80,-74,-58,-87,-68,-69,6
-80,-72,-58,-90,-78,-68,6
-97,-62,-58,-76,-66,-68,6
-92,-72,-56,-75,-63,-60,6
-95,-62,-57,-74,-73,-98,6
-82,-72,-57,-87,-74,-61,6
-80,-62,-57,-86,-73,-60,6
-98,-72,-56,-74,-76,-98,6
-78,-62,-56,-73,-73,-97,6
-80,-71,-56,-75,-75,-67,6
-80,-62,-56,-78,-76,-65,6
-81,-80,-62,-73,-77,-66,6
-90,-66,-62,-82,-81,-65,6
-77,-77,-60,-83,-79,-97,6
-77,-74,-60,-90,-76,-61,6
-82,-85,-58,-77,-76,-61,6
-95,-71,-58,-76,-75,-65,6
-83,-82,-60,-80,-78,-64,6
-81,-70,-60,-79,-67,-65,6
-79,-80,-57,-78,-67,-69,6
-76,-60,-57,-89,-77,-60,6
-73,-69,-58,-78,-78,-96,6
-76,-60,-58,-84,-87,-60,6
-82,-70,-57,-82,-81,-94,6
-88,-60,-58,-77,-74,-70,6
-82,-70,-61,-80,-69,-60,6
-82,-67,-56,-74,-75,-97,7
-82,-77,-56,-74,-75,-60,7
-80,-68,-56,-74,-74,-97,7
-80,-68,-55,-86,-83,-97,7
-85,-78,-55,-79,-78,-60,7
-84,-68,-56,-93,-80,-98,7
-80,-77,-56,-80,-84,-60,7
-80,-76,-56,-73,-82,-77,7
-87,-86,-64,-71,-71,-71,7
-78,-78,-64,-71,-72,-73,7
-81,-91,-63,-88,-76,-101,7
-83,-72,-63,-86,-75,-62,7
-98,-79,-62,-72,-76,-100,7
-79,-78,-60,-72,-70,-62,7
-91,-89,-60,-72,-70,-63,7
-88,-74,-59,-72,-68,-62,7
-86,-84,-58,-82,-82,-63,7
-84,-74,-58,-80,-82,-63,7
-81,-84,-58,-80,-71,-63,7
-81,-67,-60,-83,-78,-63,7
-80,-67,-59,-86,-78,-62,7
-82,-76,-61,-90,-71,-63,7
-84,-66,-62,-90,-71,-65,7
-86,-76,-60,-80,-71,-83,7
-81,-66,-61,-82,-82,-76,7
-82,-76,-60,-83,-81,-77,7
-80,-82,-57,-81,-87,-63,7
-86,-73,-57,-80,-71,-64,7
-80,-73,-57,-78,-72,-63,7
-80,-82,-57,-80,-83,-69,7
-77,-71,-57,-80,-77,-70,7
-79,-82,-58,-81,-75,-78,7
-81,-70,-57,-82,-77,-62,7
-82,-77,-60,-81,-78,-61,7
-82,-64,-60,-80,-79,-98,7
-82,-75,-61,-80,-74,-102,7
-86,-65,-60,-83,-75,-61,7
-86,-64,-60,-83,-74,-64,7
-88,-84,-57,-84,-78,-62,7
-86,-74,-57,-80,-80,-64,7
-90,-80,-56,-78,-79,-67,7
-94,-69,-56,-80,-72,-68,7
-86,-82,-56,-80,-71,-70,7
-86,-68,-61,-80,-74,-69,7
-92,-79,-62,-80,-76,-63,7
-87,-70,-57,-76,-79,-64,7
-85,-82,-60,-77,-76,-66,7
-88,-70,-61,-77,-73,-66,7
-90,-83,-61,-82,-77,-66,7
-84,-74,-60,-78,-78,-67,7
-86,-84,-62,-79,-76,-66,7
-83,-74,-63,-78,-77,-65,7
-85,-83,-64,-80,-76,-65,7
-82,-85,-55,-89,-77,-63,7
-87,-76,-56,-85,-76,-63,7
-86,-71,-56,-80,-77,-67,7
-86,-82,-58,-80,-76,-67,7
-85,-70,-57,-80,-91,-67,7
-85,-81,-56,-80,-90,-64,7
-84,-74,-58,-90,-89,-64,7
-84,-89,-58,-88,-72,-62,7
-82,-73,-58,-76,-72,-68,7
-84,-81,-58,-78,-76,-70,7
-91,-71,-58,-76,-72,-67,7
-85,-82,-60,-78,-74,-61,7
-82,-74,-61,-79,-77,-100,7
-80,-87,-62,-77,-77,-61,7
-80,-91,-57,-83,-72,-100,7
-80,-80,-58,-81,-74,-98,7
-80,-91,-60,-83,-77,-61,7
-80,-71,-62,-83,-81,-100,7
-80,-65,-59,-80,-80,-98,7
-83,-80,-62,-80,-79,-68,7
-82,-70,-61,-82,-76,-67,7
-83,-80,-62,-84,-83,-66,7
-83,-78,-57,-83,-75,-62,7
-81,-75,-52,-86,-70,-98,7
-82,-81,-53,-82,-70,-62,7
-84,-80,-55,-78,-71,-99,7
-82,-71,-54,-86,-73,-101,7
-80,-81,-55,-76,-81,-60,7
-83,-80,-55,-77,-74,-98,7
-91,-77,-55,-76,-85,-98,7
-97,-67,-55,-91,-84,-61,7
-89,-76,-56,-82,-82,-64,7
-81,-66,-56,-81,-96,-63,7
-81,-77,-56,-76,-85,-64,7
-82,-67,-56,-78,-76,-67,7
-81,-77,-56,-82,-79,-68,7
-80,-67,-57,-81,-92,-68,7
-81,-94,-56,-84,-88,-66,7
-81,-78,-55,-84,-82,-66,7
-82,-87,-54,-83,-86,-65,7
-88,-89,-54,-84,-82,-67,7
-89,-77,-54,-82,-83,-67,7
-88,-85,-55,-83,-76,-66,7
-80,-84,-56,-82,-76,-67,7
-82,-74,-55,-82,-76,-66,7
-83,-84,-55,-84,-89,-65,7
-84,-72,-57,-84,-75,-65,7
-66,-73,-77,-57,-71,-76,8
-70,-73,-76,-94,-70,-78,8
-69,-83,-76,-91,-70,-80,8
-68,-73,-76,-54,-74,-77,8
-65,-83,-77,-91,-72,-87,8
-67,-73,-80,-91,-75,-76,8
-70,-83,-81,-91,-72,-78,8
-66,-77,-81,-91,-73,-75,8
-66,-84,-78,-60,-72,-80,8
-68,-72,-89,-96,-77,-82,8
-69,-84,-85,-96,-78,-84,8
-68,-79,-85,-58,-76,-72,8
-68,-84,-83,-97,-72,-71,8
-63,-72,-83,-100,-70,-71,8
-63,-71,-79,-60,-70,-83,8
-63,-83,-80,-97,-76,-84,8
-67,-72,-77,-98,-74,-74,8
-67,-84,-80,-88,-76,-73,8
-67,-74,-84,-51,-71,-70,8
-67,-83,-83,-89,-71,-70,8
-62,-80,-82,-89,-71,-69,8
-62,-88,-82,-51,-69,-75,8
-62,-80,-74,-88,-70,-75,8
-64,-88,-73,-89,-71,-76,8
-63,-78,-73,-51,-72,-76,8
-63,-88,-72,-92,-71,-68,8
-63,-79,-72,-91,-70,-69,8
-67,-79,-72,-54,-70,-91,8
-68,-80,-73,-90,-69,-90,8
-67,-71,-81,-92,-78,-91,8
-67,-80,-86,-54,-79,-76,8
-63,-70,-79,-90,-78,-76,8
-63,-80,-79,-53,-71,-76,8
-63,-69,-80,-87,-71,-79,8
-63,-79,-78,-88,-71,-75,8
-67,-69,-76,-87,-76,-74,8
-67,-81,-74,-87,-89,-78,8
-67,-91,-73,-49,-70,-77,8
-61,-81,-72,-86,-70,-80,8
-62,-78,-73,-87,-71,-72,8
-62,-80,-73,-49,-71,-72,8
-64,-84,-73,-86,-71,-79,8
-64,-73,-73,-89,-71,-80,8
-64,-84,-81,-52,-81,-79,8
-63,-74,-80,-89,-82,-70,8
-62,-83,-80,-89,-71,-78,8
-62,-72,-81,-52,-71,-80,8
-62,-83,-81,-88,-71,-81,8
-62,-73,-82,-51,-88,-77,8
-64,-78,-82,-88,-84,-80,8
-64,-69,-78,-100,-72,-78,8
-64,-78,-77,-62,-71,-70,8
-66,-69,-77,-100,-72,-70,8
-65,-78,-77,-98,-72,-70,8
-66,-68,-78,-62,-72,-71,8
-66,-78,-80,-100,-72,-74,8
-62,-68,-80,-62,-73,-74,8
-62,-79,-81,-86,-71,-74,8
-62,-74,-80,-48,-72,-72,8
-66,-84,-80,-86,-72,-72,8
-66,-85,-80,-49,-69,-72,8
-66,-75,-79,-86,-78,-77,8
-66,-76,-79,-49,-71,-82,8
-62,-87,-79,-62,-72,-79,8
-62,-68,-78,-100,-72,-77,8
-62,-78,-77,-62,-78,-77,8
-62,-68,-77,-99,-81,-82,8
-63,-78,-76,-63,-75,-82,8
-63,-68,-76,-86,-76,-76,8
-63,-78,-75,-49,-77,-76,8
-66,-82,-75,-87,-77,-77,8
-66,-93,-73,-86,-80,-77,8
-66,-82,-73,-49,-81,-80,8
-67,-92,-73,-86,-76,-82,8
-66,-82,-73,-86,-77,-82,8
-64,-92,-73,-50,-73,-77,8
-63,-91,-73,-87,-73,-77,8
-63,-76,-73,-88,-72,-81,8
-68,-85,-80,-50,-82,-82,8
-67,-75,-80,-87,-82,-82,8
-68,-85,-80,-87,-72,-80,8
-63,-86,-80,-50,-72,-81,8
-64,-86,-80,-87,-72,-79,8
-70,-88,-80,-87,-81,-80,8
-72,-80,-80,-62,-79,-81,8
-71,-88,-77,-62,-88,-74,8
-69,-76,-75,-98,-74,-74,8
-64,-86,-75,-62,-74,-74,8
-63,-77,-77,-102,-74,-80,8
-64,-86,-77,-53,-73,-85,8
-64,-75,-77,-90,-72,-80,8
-64,-86,-79,-53,-72,-74,8
-67,-76,-80,-90,-73,-74,8
-68,-87,-79,-90,-74,-78,8
-70,-86,-80,-52,-76,-80,8
-69,-76,-80,-89,-72,-78,8
-65,-88,-80,-89,-79,-77,8
-64,-78,-79,-54,-78,-80,8
-64,-80,-79,-98,-71,-72,8
-67,-70,-79,-98,-72,-80,8
-67,-71,-79,-65,-75,-80,9
-68,-87,-73,-99,-78,-73,9
-64,-69,-72,-61,-70,-84,9
-65,-81,-73,-100,-70,-83,9
-65,-74,-74,-75,-77,-72,9
-69,-84,-74,-77,-76,-71,9
-69,-70,-68,-76,-77,-72,9
-68,-80,-68,-98,-71,-78,9
-69,-80,-68,-62,-72,-78,9
-68,-70,-68,-100,-70,-76,9
-69,-70,-68,-61,-68,-76,9
-69,-81,-68,-70,-69,-83,9
-67,-90,-68,-68,-70,-84,9
-67,-98,-74,-71,-69,-84,9
-66,-88,-75,-72,-69,-82,9
-66,-94,-75,-73,-69,-74,9
-66,-86,-74,-72,-72,-68,9
-66,-92,-74,-73,-69,-69,9
-66,-82,-74,-82,-67,-68,9
-67,-73,-74,-72,-71,-67,9
-68,-83,-76,-73,-72,-70,9
-65,-72,-76,-69,-73,-70,9
-62,-85,-74,-98,-76,-70,9
-63,-76,-75,-63,-68,-76,9
-61,-81,-75,-62,-69,-69,9
-74,-70,-75,-64,-69,-70,9
-68,-82,-69,-60,-76,-71,9
-71,-70,-69,-99,-77,-82,9
-72,-80,-68,-63,-78,-80,9
-72,-71,-68,-62,-70,-76,9
-71,-79,-68,-61,-70,-73,9
-69,-69,-68,-61,-66,-76,9
-69,-88,-68,-100,-68,-72,9
-70,-77,-69,-100,-68,-68,9
-70,-89,-75,-62,-78,-70,9
-70,-78,-76,-100,-69,-69,9
-68,-90,-76,-60,-67,-78,9
-68,-78,-76,-98,-68,-75,9
-67,-88,-75,-100,-77,-75,9
-65,-77,-76,-61,-82,-73,9
-72,-70,-74,-67,-80,-73,9
-76,-82,-71,-69,-69,-87,9
-65,-69,-74,-71,-65,-78,9
-80,-81,-75,-100,-66,-75,9
-73,-76,-76,-64,-66,-73,9
-73,-84,-75,-63,-70,-74,9
-72,-72,-76,-63,-69,-75,9
-72,-81,-76,-97,-76,-79,9
-66,-89,-76,-74,-90,-83,9
-66,-78,-79,-71,-78,-74,9
-66,-90,-74,-72,-82,-74,9
-66,-80,-72,-61,-70,-73,9
-67,-89,-71,-98,-70,-74,9
-68,-78,-72,-100,-69,-69,9
-70,-78,-72,-61,-76,-69,9
-67,-88,-75,-97,-83,-82,9
-68,-78,-75,-61,-71,-77,9
-69,-87,-77,-98,-72,-80,9
-69,-76,-76,-69,-71,-72,9
-72,-86,-76,-63,-67,-73,9
-70,-87,-75,-78,-66,-72,9
-70,-78,-87,-77,-66,-89,9
-72,-78,-76,-78,-77,-82,9
-69,-87,-73,-65,-78,-72,9
-68,-88,-73,-67,-66,-72,9
-68,-77,-73,-65,-66,-71,9
-74,-88,-73,-62,-66,-69,9
-73,-78,-74,-62,-77,-69,9
-72,-88,-74,-62,-77,-68,9
-73,-78,-74,-63,-75,-72,9
-71,-87,-76,-62,-69,-72,9
-72,-76,-75,-72,-69,-72,9
-67,-86,-75,-80,-69,-69,9
-66,-76,-76,-100,-66,-69,9
-67,-89,-76,-61,-66,-68,9
-67,-78,-77,-97,-67,-80,9
-69,-68,-77,-62,-69,-78,9
-69,-78,-70,-78,-71,-77,9
-70,-68,-72,-72,-69,-79,9
-69,-79,-74,-73,-66,-74,9
-67,-69,-74,-68,-66,-73,9
-68,-80,-73,-72,-66,-74,9
-68,-75,-70,-73,-79,-75,9
-67,-78,-69,-62,-73,-72,9
-76,-89,-70,-62,-73,-75,9
-79,-78,-74,-101,-70,-73,9
-78,-88,-74,-62,-71,-74,9
-77,-77,-74,-73,-72,-67,9
-69,-88,-74,-74,-70,-72,9
-70,-76,-75,-61,-70,-70,9
-72,-78,-75,-101,-70,-70,9
-72,-69,-68,-98,-76,-69,9
-73,-80,-69,-62,-74,-70,9
-70,-69,-68,-99,-82,-70,9
-70,-79,-68,-62,-74,-70,9
-68,-69,-68,-98,-78,-72,9
-68,-78,-68,-69,-82,-82,9
-68,-68,-68,-68,-70,-71,9
-68,-72,-74,-66,-70,-73,9
-69,-82,-73,-75,-74,-71,9
-69,-73,-85,-71,-72,-70,10
-68,-69,-85,-64,-76,-68,10
-68,-80,-84,-102,-77,-66,10
-63,-69,-87,-65,-75,-68,10
-62,-81,-70,-64,-76,-68,10
-64,-69,-70,-72,-71,-69,10
-65,-69,-70,-76,-71,-69,10
-67,-79,-70,-71,-70,-67,10
-67,-70,-69,-67,-82,-64,10
-67,-80,-69,-70,-82,-66,10
-62,-70,-69,-69,-82,-68,10
-62,-82,-69,-71,-77,-66,10
-62,-73,-78,-67,-83,-70,10
-62,-82,-80,-71,-82,-65,10
-65,-81,-80,-70,-85,-65,10
-64,-69,-76,-70,-82,-65,10
-66,-80,-82,-70,-80,-67,10
-66,-69,-78,-72,-74,-77,10
-63,-86,-80,-77,-81,-78,10
-63,-76,-78,-73,-71,-72,10
-62,-84,-77,-71,-74,-70,10
-63,-74,-77,-70,-88,-71,10
-63,-85,-79,-70,-92,-65,10
-67,-77,-77,-73,-78,-65,10
-67,-86,-77,-71,-69,-65,10
-68,-80,-80,-74,-69,-71,10
-67,-71,-77,-78,-76,-72,10
-68,-80,-70,-70,-89,-69,10
-68,-69,-71,-73,-86,-69,10
-61,-79,-70,-65,-83,-68,10
-62,-71,-70,-66,-80,-65,10
-62,-80,-69,-68,-68,-65,10
-62,-72,-70,-66,-68,-67,10
-62,-93,-70,-67,-68,-68,10
-70,-98,-71,-74,-69,-68,10
-67,-86,-82,-73,-80,-67,10
-70,-94,-80,-69,-80,-68,10
-63,-86,-82,-68,-80,-63,10
-63,-94,-82,-67,-81,-62,10
-64,-83,-81,-68,-81,-104,10
-64,-82,-82,-68,-71,-62,10
-64,-71,-82,-68,-72,-66,10
-63,-81,-69,-77,-71,-67,10
-63,-70,-69,-74,-75,-65,10
-68,-89,-69,-73,-78,-69,10
-68,-88,-72,-68,-78,-69,10
-68,-74,-74,-68,-74,-69,10
-68,-83,-72,-69,-79,-65,10
-64,-69,-72,-75,-77,-65,10
-65,-83,-73,-78,-77,-64,10
-65,-81,-74,-79,-83,-68,10
-64,-71,-74,-72,-69,-70,10
-64,-81,-76,-63,-67,-69,10
-64,-71,-80,-69,-65,-68,10
-63,-82,-84,-65,-74,-67,10
-67,-72,-93,-69,-74,-100,10
-68,-84,-98,-70,-65,-98,10
-68,-75,-97,-69,-69,-65,10
-67,-86,-78,-69,-69,-62,10
-66,-75,-78,-69,-75,-62,10
-64,-85,-78,-66,-74,-63,10
-63,-76,-80,-68,-74,-103,10
-64,-86,-81,-77,-78,-71,10
-67,-69,-82,-85,-80,-66,10
-66,-78,-81,-68,-72,-61,10
-63,-78,-80,-69,-71,-61,10
-63,-68,-80,-69,-76,-98,10
-64,-82,-75,-74,-74,-71,10
-64,-73,-79,-71,-77,-100,10
-65,-76,-78,-69,-80,-70,10
-66,-89,-72,-69,-74,-66,10
-69,-90,-74,-66,-72,-69,10
-63,-80,-74,-75,-74,-69,10
-66,-88,-80,-72,-76,-68,10
-66,-77,-80,-65,-77,-99,10
-64,-85,-80,-83,-79,-62,10
-67,-77,-78,-84,-77,-100,10
-70,-81,-80,-65,-75,-62,10
-68,-70,-80,-67,-75,-100,10
-72,-78,-81,-66,-75,-103,10
-72,-71,-69,-102,-84,-68,10
-71,-80,-69,-73,-72,-69,10
-67,-69,-69,-73,-77,-69,10
-63,-79,-70,-71,-79,-66,10
-66,-69,-69,-68,-72,-65,10
-66,-83,-69,-70,-70,-67,10
-67,-72,-78,-72,-74,-71,10
-63,-82,-79,-73,-66,-71,10
-63,-72,-78,-68,-62,-69,10
-62,-83,-79,-62,-67,-68,10
-63,-72,-78,-62,-73,-71,10
-70,-80,-78,-63,-74,-71,10
-68,-78,-79,-70,-68,-67,10
-67,-88,-69,-67,-68,-71,10
-66,-76,-80,-70,-83,-69,10
-63,-87,-81,-69,-74,-63,10
-63,-77,-80,-69,-74,-64,10
-64,-90,-80,-73,-78,-62,10
-65,-79,-80,-72,-80,-64,10
-68,-87,-80,-73,-83,-66,10
-70,-91,-76,-63,-76,-73,11
-75,-90,-80,-63,-84,-80,11
-68,-78,-86,-63,-77,-78,11
-68,-88,-86,-80,-80,-76,11
-67,-76,-92,-76,-74,-76,11
-65,-87,-89,-74,-74,-78,11
-70,-79,-73,-100,-73,-80,11
-70,-69,-72,-63,-75,-77,11
-71,-79,-73,-63,-74,-76,11
-71,-69,-73,-102,-79,-76,11
-74,-79,-73,-72,-81,-85,11
-77,-69,-73,-69,-78,-89,11
-65,-90,-80,-72,-78,-73,11
-66,-80,-83,-76,-76,-73,11
-65,-91,-82,-66,-75,-72,11
-66,-79,-82,-66,-74,-80,11
-82,-90,-82,-75,-74,-76,11
-80,-80,-80,-67,-73,-77,11
-80,-90,-81,-63,-76,-78,11
-62,-78,-84,-102,-74,-75,11
-62,-67,-85,-98,-82,-77,11
-62,-67,-84,-100,-78,-77,11
-70,-76,-82,-62,-78,-72,11
-73,-67,-84,-86,-80,-74,11
-70,-77,-75,-68,-73,-76,11
-70,-67,-74,-71,-74,-73,11
-69,-80,-74,-62,-73,-73,11
-78,-70,-74,-101,-76,-73,11
-76,-69,-74,-62,-91,-76,11
-80,-79,-84,-100,-83,-76,11
-71,-69,-86,-76,-72,-88,11
-69,-81,-84,-69,-81,-83,11
-77,-71,-84,-65,-82,-74,11
-75,-76,-84,-72,-74,-76,11
-76,-76,-75,-75,-72,-78,11
-74,-66,-72,-86,-82,-74,11
-78,-76,-73,-71,-70,-74,11
-76,-66,-75,-63,-70,-71,11
-68,-77,-73,-74,-69,-73,11
-76,-67,-72,-68,-81,-76,11
-67,-77,-72,-63,-78,-74,11
-66,-71,-76,-63,-71,-79,11
-69,-79,-88,-63,-69,-80,11
-68,-67,-90,-69,-71,-79,11
-70,-77,-91,-82,-73,-83,11
-75,-67,-81,-74,-70,-75,11
-68,-76,-80,-76,-71,-74,11
-68,-68,-86,-65,-74,-72,11
-67,-81,-80,-70,-75,-74,11
-74,-76,-85,-71,-78,-75,11
-75,-88,-85,-69,-70,-78,11
-73,-76,-93,-71,-79,-81,11
-74,-90,-91,-64,-78,-78,11
-72,-89,-85,-72,-76,-76,11
-74,-90,-84,-69,-77,-78,11
-76,-66,-82,-65,-74,-76,11
-62,-76,-85,-67,-75,-80,11
-65,-67,-85,-63,-85,-80,11
-63,-77,-80,-97,-89,-82,11
-63,-67,-78,-61,-79,-78,11
-74,-77,-81,-71,-80,-77,11
-74,-68,-83,-67,-71,-75,11
-67,-77,-83,-67,-73,-80,11
-68,-75,-78,-63,-76,-80,11
-66,-86,-82,-64,-76,-79,11
-72,-81,-84,-69,-71,-80,11
-69,-96,-83,-72,-73,-80,11
-69,-83,-73,-69,-75,-79,11
-73,-87,-73,-66,-85,-76,11
-76,-75,-74,-68,-85,-74,11
-79,-84,-75,-66,-73,-74,11
-83,-75,-74,-100,-77,-80,11
-86,-74,-74,-60,-87,-84,11
-76,-78,-73,-98,-77,-73,11
-77,-72,-79,-101,-75,-75,11
-75,-80,-80,-64,-85,-76,11
-72,-67,-81,-69,-74,-76,11
-70,-76,-80,-67,-74,-83,11
-76,-67,-82,-62,-73,-76,11
-69,-81,-84,-62,-76,-82,11
-70,-71,-92,-100,-74,-82,11
-72,-98,-86,-67,-82,-71,11
-77,-82,-77,-71,-78,-73,11
-76,-71,-76,-72,-78,-76,11
-82,-80,-77,-100,-80,-74,11
-90,-81,-78,-100,-73,-79,11
-70,-89,-78,-62,-74,-80,11
-64,-77,-78,-100,-90,-79,11
-72,-76,-80,-62,-77,-83,11
-75,-84,-77,-100,-78,-75,11
-72,-73,-77,-62,-82,-80,11
-73,-84,-90,-73,-76,-80,11
-74,-87,-92,-74,-76,-81,11
-78,-80,-90,-80,-74,-77,11
-65,-78,-88,-69,-80,-76,11
-74,-86,-90,-65,-83,-76,11
-77,-78,-90,-72,-76,-78,11
-74,-89,-89,-75,-71,-78,11
-76,-84,-86,-86,-75,-75,11
-67,-73,-86,-80,-75,-76,11
-69,-80,-74,-60,-63,-68,12
-69,-80,-74,-57,-64,-67,12
-63,-70,-86,-96,-64,-66,12
-63,-68,-84,-62,-64,-67,12
-62,-78,-76,-61,-65,-67,12
-68,-78,-76,-97,-64,-68,12
-68,-68,-76,-58,-70,-68,12
-66,-78,-76,-60,-71,-69,12
-64,-69,-74,-62,-70,-69,12
-65,-82,-76,-62,-100,-65,12
-66,-71,-76,-98,-64,-65,12
-62,-71,-76,-62,-63,-66,12
-63,-80,-89,-62,-63,-69,12
-63,-70,-87,-62,-70,-69,12
-64,-82,-82,-98,-69,-69,12
-67,-71,-87,-68,-62,-65,12
-67,-87,-88,-69,-100,-65,12
-64,-87,-87,-69,-62,-66,12
-63,-77,-74,-60,-103,-70,12
-64,-88,-75,-60,-97,-69,12
-63,-77,-75,-60,-62,-69,12
-64,-87,-75,-96,-66,-70,12
-68,-78,-75,-98,-65,-69,12
-68,-79,-76,-60,-65,-69,12
-69,-69,-76,-96,-70,-68,12
-69,-69,-77,-61,-69,-69,12
-66,-78,-77,-99,-65,-70,12
-66,-69,-77,-63,-65,-68,12
-66,-79,-77,-62,-66,-65,12
-66,-76,-76,-98,-71,-65,12
-67,-84,-76,-62,-69,-65,12
-68,-77,-78,-63,-63,-68,12
-68,-77,-77,-101,-100,-67,12
-69,-87,-76,-62,-63,-64,12
-66,-79,-77,-100,-69,-64,12
-66,-88,-76,-62,-64,-64,12
-63,-69,-74,-62,-63,-67,12
-63,-79,-76,-100,-64,-66,12
-63,-69,-76,-62,-64,-64,12
-70,-79,-76,-62,-66,-73,12
-70,-69,-76,-60,-69,-69,12
-69,-79,-77,-60,-68,-64,12
-65,-71,-76,-97,-71,-65,12
-65,-82,-87,-62,-74,-70,12
-63,-72,-84,-62,-67,-72,12
-66,-82,-85,-60,-66,-74,12
-70,-72,-87,-98,-66,-64,12
-70,-83,-91,-61,-99,-65,12
-79,-73,-89,-100,-78,-64,12
-75,-84,-74,-97,-74,-69,12
-73,-88,-76,-96,-77,-69,12
-65,-78,-76,-61,-98,-67,12
-65,-89,-76,-102,-69,-73,12
-66,-80,-76,-70,-70,-75,12
-67,-89,-76,-78,-70,-74,12
-68,-79,-76,-68,-74,-72,12
-67,-89,-75,-65,-71,-68,12
-67,-74,-75,-63,-68,-67,12
-67,-82,-87,-100,-66,-68,12
-66,-71,-91,-60,-69,-67,12
-66,-72,-87,-97,-69,-64,12
-68,-82,-88,-58,-72,-69,12
-66,-72,-89,-95,-69,-65,12
-67,-89,-74,-60,-74,-64,12
-63,-79,-74,-60,-70,-64,12
-69,-88,-74,-60,-72,-65,12
-70,-78,-74,-97,-72,-66,12
-67,-90,-75,-97,-76,-65,12
-68,-80,-75,-62,-75,-66,12
-67,-68,-76,-59,-76,-65,12
-65,-78,-73,-96,-66,-65,12
-67,-68,-76,-64,-67,-64,12
-67,-78,-75,-100,-71,-64,12
-68,-68,-75,-101,-73,-64,12
-69,-78,-75,-69,-71,-65,12
-67,-68,-75,-62,-71,-68,12
-65,-84,-76,-102,-67,-67,12
-70,-74,-79,-60,-68,-69,12
-74,-85,-88,-62,-67,-67,12
-74,-80,-91,-98,-69,-63,12
-70,-86,-94,-61,-73,-65,12
-69,-72,-86,-62,-71,-66,12
-69,-85,-86,-62,-70,-64,12
-73,-76,-87,-64,-70,-66,12
-71,-83,-80,-99,-69,-67,12
-72,-69,-78,-62,-66,-65,12
-71,-79,-78,-100,-72,-65,12
-69,-79,-76,-62,-66,-64,12
-68,-69,-77,-65,-67,-66,12
-67,-79,-76,-70,-67,-66,12
-69,-69,-88,-69,-70,-66,12
-71,-79,-91,-62,-70,-64,12
-68,-82,-81,-62,-70,-64,12
-66,-85,-80,-63,-70,-64,12
-67,-84,-80,-63,-70,-64,12
-68,-90,-80,-62,-69,-65,12
-68,-82,-86,-100,-69,-66,12
-68,-96,-81,-100,-72,-61,12
-71,-92,-80,-99,-69,-64,12
-72,-89,-70,-62,-70,-66,12
-69,-77,-78,-69,-80,-74,13
-78,-87,-88,-70,-76,-76,13
-74,-87,-88,-67,-69,-75,13
-71,-76,-88,-80,-66,-70,13
-69,-90,-88,-79,-66,-69,13
-71,-84,-88,-62,-68,-67,13
-82,-82,-88,-101,-75,-76,13
-83,-91,-86,-101,-78,-76,13
-73,-83,-82,-62,-73,-75,13
-74,-90,-83,-72,-66,-75,13
-75,-78,-83,-75,-68,-65,13
-75,-90,-82,-86,-67,-69,13
-68,-90,-87,-84,-86,-66,13
-69,-77,-83,-73,-68,-74,13
-69,-86,-80,-77,-68,-75,13
-82,-78,-80,-62,-68,-75,13
-82,-77,-84,-62,-72,-76,13
-81,-75,-77,-100,-72,-69,13
-82,-86,-76,-101,-70,-70,13
-75,-87,-78,-62,-65,-74,13
-75,-93,-85,-72,-82,-74,13
-72,-80,-86,-72,-72,-70,13
-72,-80,-86,-71,-64,-73,13
-73,-88,-86,-94,-68,-73,13
-78,-90,-83,-89,-67,-81,13
-79,-80,-83,-66,-67,-79,13
-86,-92,-83,-65,-76,-70,13
-77,-81,-80,-62,-76,-74,13
-69,-90,-80,-78,-76,-74,13
-76,-80,-80,-74,-76,-74,13
-74,-92,-81,-82,-76,-69,13
-74,-84,-81,-78,-80,-69,13
-76,-74,-80,-102,-76,-68,13
-71,-84,-77,-62,-77,-79,13
-67,-73,-78,-62,-80,-79,13
-82,-75,-78,-62,-67,-78,13
-83,-84,-78,-70,-72,-74,13
-84,-78,-78,-73,-74,-70,13
-69,-86,-78,-65,-69,-76,13
-71,-88,-81,-65,-70,-71,13
-72,-77,-88,-65,-68,-63,13
-72,-88,-88,-79,-69,-65,13
-72,-77,-89,-68,-81,-64,13
-70,-83,-88,-66,-87,-68,13
-70,-94,-78,-62,-86,-67,13
-70,-94,-78,-80,-67,-67,13
-70,-86,-78,-73,-67,-63,13
-84,-96,-78,-71,-67,-100,13
-85,-86,-80,-70,-81,-63,13
-88,-96,-80,-60,-82,-67,13
-85,-85,-80,-97,-67,-67,13
-68,-88,-80,-96,-68,-67,13
-80,-78,-78,-60,-67,-66,13
-69,-83,-76,-99,-67,-67,13
-67,-73,-84,-60,-68,-65,13
-69,-73,-87,-95,-68,-62,13
-74,-71,-79,-97,-67,-98,13
-72,-82,-79,-61,-68,-62,13
-72,-72,-81,-76,-68,-62,13
-73,-87,-81,-76,-67,-66,13
-83,-77,-80,-75,-76,-66,13
-89,-89,-78,-59,-79,-98,13
-85,-76,-77,-97,-78,-64,13
-69,-89,-78,-60,-77,-64,13
-70,-78,-78,-96,-69,-64,13
-69,-89,-78,-98,-70,-63,13
-69,-78,-78,-100,-72,-64,13
-80,-78,-79,-99,-72,-63,13
-82,-76,-84,-98,-73,-64,13
-92,-74,-87,-63,-66,-64,13
-67,-82,-88,-98,-66,-64,13
-67,-72,-88,-59,-68,-71,13
-67,-82,-88,-97,-75,-68,13
-66,-72,-88,-59,-78,-90,13
-69,-82,-88,-95,-73,-70,13
-69,-71,-88,-61,-66,-68,13
-68,-82,-85,-100,-68,-64,13
-69,-82,-86,-62,-67,-78,13
-68,-89,-85,-72,-84,-67,13
-67,-82,-84,-75,-65,-67,13
-67,-83,-85,-86,-65,-63,13
-83,-83,-84,-84,-63,-100,13
-73,-85,-80,-73,-65,-63,13
-74,-97,-80,-77,-67,-68,13
-75,-86,-80,-62,-62,-69,13
-75,-96,-80,-62,-65,-70,13
-68,-86,-80,-100,-65,-70,13
-69,-86,-80,-97,-67,-68,13
-69,-90,-80,-96,-77,-75,13
-82,-76,-86,-60,-78,-71,13
-82,-89,-83,-99,-72,-71,13
-81,-84,-73,-60,-70,-72,13
-82,-70,-73,-95,-71,-69,13
-75,-68,-72,-97,-65,-66,13
-75,-78,-73,-61,-69,-67,13
-72,-69,-85,-76,-63,-70,13
-68,-80,-79,-76,-68,-70,13
-68,-80,-84,-84,-62,-69,13
-67,-69,-78,-85,-70,-67,13
-67,-80,-81,-100,-68,-64,13
-72,-92,-71,-68,-68,-73,14
-78,-92,-68,-72,-67,-63,14
-77,-74,-70,-71,-67,-101,14
-76,-86,-68,-70,-68,-63,14
-78,-76,-69,-69,-69,-100,14
-79,-85,-68,-70,-68,-63,14
-80,-76,-69,-69,-68,-69,14
-77,-78,-76,-69,-67,-70,14
-77,-88,-76,-78,-64,-70,14
-76,-88,-76,-77,-64,-76,14
-80,-94,-76,-84,-100,-73,14
-80,-82,-78,-72,-64,-69,14
-79,-92,-76,-72,-65,-68,14
-80,-81,-71,-70,-67,-71,14
-75,-89,-73,-83,-67,-71,14
-75,-81,-72,-86,-68,-67,14
-74,-95,-72,-69,-69,-66,14
-78,-86,-72,-68,-72,-67,14
-80,-90,-68,-67,-66,-71,14
-79,-80,-68,-70,-65,-71,14
-78,-89,-68,-67,-64,-72,14
-77,-94,-68,-67,-69,-71,14
-76,-82,-68,-67,-69,-70,14
-75,-94,-68,-100,-72,-70,14
-73,-83,-71,-63,-66,-69,14
-75,-93,-69,-64,-67,-81,14
-80,-85,-71,-63,-66,-81,14
-81,-89,-71,-64,-69,-73,14
-81,-77,-71,-102,-69,-71,14
-69,-87,-68,-67,-70,-79,14
-66,-78,-68,-65,-65,-75,14
-73,-89,-67,-64,-65,-80,14
-80,-80,-68,-65,-67,-70,14
-74,-81,-74,-64,-66,-76,14
-73,-89,-76,-66,-68,-75,14
-76,-93,-78,-69,-68,-74,14
-87,-84,-74,-67,-98,-81,14
-78,-91,-73,-64,-98,-78,14
-78,-79,-73,-64,-98,-76,14
-81,-81,-77,-64,-69,-66,14
-71,-91,-78,-69,-68,-66,14
-72,-81,-77,-70,-69,-66,14
-72,-90,-73,-69,-62,-78,14
-67,-92,-72,-69,-62,-82,14
-70,-81,-71,-64,-70,-83,14
-72,-80,-71,-63,-69,-70,14
-71,-79,-77,-62,-70,-69,14
-69,-89,-77,-98,-71,-73,14
-68,-78,-74,-62,-63,-89,14
-70,-79,-74,-64,-62,-84,14
-71,-89,-78,-65,-67,-89,14
-69,-78,-76,-64,-67,-73,14
-68,-88,-76,-66,-68,-73,14
-69,-78,-69,-65,-101,-72,14
-69,-89,-69,-66,-98,-80,14
-68,-78,-72,-65,-62,-80,14
-70,-87,-72,-68,-102,-83,14
-70,-88,-69,-70,-68,-66,14
-70,-76,-72,-64,-69,-77,14
-70,-78,-76,-64,-69,-69,14
-69,-90,-76,-64,-69,-66,14
-69,-78,-74,-67,-67,-73,14
-68,-87,-73,-72,-68,-73,14
-68,-73,-75,-72,-68,-76,14
-69,-84,-80,-70,-73,-78,14
-70,-84,-81,-69,-68,-67,14
-70,-90,-79,-69,-67,-67,14
-70,-80,-81,-74,-67,-66,14
-73,-89,-76,-66,-63,-76,14
-73,-80,-71,-71,-100,-76,14
-73,-92,-70,-69,-100,-67,14
-72,-90,-70,-64,-62,-67,14
-71,-81,-69,-64,-101,-72,14
-70,-82,-71,-65,-70,-76,14
-71,-82,-78,-69,-69,-82,14
-70,-90,-68,-69,-68,-78,14
-67,-78,-73,-70,-100,-67,14
-68,-88,-75,-65,-62,-69,14
-68,-88,-74,-68,-70,-73,14
-73,-83,-74,-68,-69,-72,14
-72,-88,-74,-66,-69,-67,14
-72,-76,-67,-68,-62,-73,14
-70,-85,-68,-66,-98,-70,14
-69,-75,-66,-66,-62,-76,14
-69,-87,-70,-67,-98,-69,14
-69,-76,-70,-67,-73,-70,14
-77,-80,-70,-68,-73,-70,14
-74,-81,-68,-68,-68,-76,14
-70,-71,-69,-73,-68,-73,14
-70,-82,-69,-71,-69,-69,14
-71,-72,-69,-68,-70,-68,14
-70,-85,-69,-72,-70,-71,14
-70,-76,-69,-71,-70,-71,14
-69,-85,-67,-70,-71,-67,14
-68,-87,-69,-69,-63,-66,14
-70,-77,-70,-70,-62,-66,14
-69,-80,-68,-69,-67,-66,14
-69,-70,-69,-69,-67,-77,14
-69,-70,-68,-78,-69,-76,14
-69,-80,-67,-71,-70,-76,14
-72,-86,-80,-68,-68,-75,15
-70,-75,-81,-65,-100,-63,15
-70,-91,-80,-67,-63,-65,15
-72,-71,-80,-56,-66,-97,15
-72,-82,-77,-93,-64,-62,15
-72,-72,-80,-56,-63,-62,15
-73,-84,-82,-92,-64,-99,15
-72,-74,-82,-94,-62,-63,15
-74,-80,-82,-93,-98,-99,15
-72,-80,-78,-56,-64,-99,15
-72,-70,-76,-63,-61,-97,15
-73,-80,-78,-101,-60,-98,15
-72,-71,-82,-61,-61,-60,15
-73,-81,-80,-95,-98,-100,15
-69,-70,-82,-57,-60,-100,15
-70,-80,-82,-96,-97,-61,15
-70,-83,-73,-96,-67,-98,15
-70,-80,-73,-58,-65,-64,15
-73,-93,-74,-96,-67,-69,15
-73,-82,-75,-96,-97,-66,15
-72,-84,-76,-59,-60,-71,15
-71,-72,-76,-97,-98,-64,15
-72,-82,-75,-59,-61,-100,15
-69,-72,-75,-98,-70,-63,15
-67,-82,-76,-97,-66,-97,15
-72,-71,-76,-72,-100,-63,15
-74,-68,-77,-68,-99,-69,15
-73,-80,-76,-58,-63,-66,15
-71,-69,-76,-94,-60,-97,15
-70,-69,-80,-97,-62,-58,15
-70,-80,-80,-96,-60,-96,15
-70,-71,-82,-94,-60,-97,15
-80,-70,-79,-71,-62,-61,15
-73,-80,-77,-67,-64,-59,15
-72,-70,-79,-57,-100,-60,15
-72,-81,-83,-95,-61,-97,15
-74,-82,-83,-93,-100,-61,15
-72,-73,-74,-57,-60,-98,15
-68,-80,-75,-95,-98,-60,15
-69,-69,-76,-93,-62,-98,15
-74,-79,-75,-58,-98,-60,15
-76,-70,-76,-94,-68,-98,15
-73,-79,-77,-58,-66,-60,15
-82,-69,-78,-96,-64,-96,15
-72,-78,-82,-58,-72,-61,15
-72,-70,-82,-96,-66,-98,15
-72,-70,-82,-57,-66,-62,15
-71,-81,-82,-94,-73,-60,15
-84,-71,-78,-95,-72,-97,15
-92,-82,-81,-95,-68,-97,15
-83,-71,-74,-95,-64,-72,15
-70,-82,-74,-57,-64,-66,15
-75,-71,-74,-97,-65,-62,15
-74,-81,-74,-58,-67,-100,15
-71,-70,-74,-96,-65,-58,15
-71,-72,-76,-95,-65,-98,15
-74,-80,-80,-57,-101,-64,15
-76,-69,-78,-93,-61,-64,15
-70,-78,-80,-96,-98,-65,15
-71,-66,-78,-56,-62,-58,15
-72,-76,-70,-93,-66,-96,15
-70,-79,-70,-72,-67,-58,15
-72,-70,-72,-71,-67,-96,15
-72,-80,-73,-95,-68,-58,15
-71,-68,-72,-57,-64,-97,15
-74,-79,-72,-94,-64,-95,15
-76,-67,-77,-96,-63,-96,15
-77,-68,-78,-60,-69,-60,15
-70,-78,-73,-97,-68,-97,15
-68,-69,-74,-67,-62,-60,15
-70,-82,-71,-66,-100,-97,15
-74,-84,-71,-59,-62,-64,15
-72,-75,-75,-95,-100,-66,15
-73,-80,-77,-58,-102,-64,15
-72,-81,-78,-96,-66,-100,15
-72,-68,-77,-57,-67,-62,15
-71,-81,-76,-97,-66,-95,15
-71,-72,-76,-97,-70,-58,15
-71,-71,-78,-95,-71,-95,15
-70,-72,-71,-58,-71,-98,15
-70,-67,-70,-94,-66,-59,15
-70,-78,-71,-57,-66,-104,15
-71,-70,-72,-67,-71,-64,15
-76,-72,-72,-67,-71,-95,15
-76,-80,-73,-66,-75,-58,15
-71,-80,-72,-56,-100,-98,15
-70,-84,-72,-94,-62,-96,15
-71,-93,-76,-56,-63,-59,15
-70,-84,-76,-93,-67,-98,15
-72,-94,-76,-56,-67,-96,15
-72,-91,-77,-92,-67,-59,15
-74,-69,-78,-93,-97,-97,15
-75,-81,-78,-67,-62,-59,15
-72,-71,-72,-68,-100,-97,15
-71,-81,-73,-70,-63,-60,15
-70,-70,-73,-59,-63,-98,15
-69,-80,-73,-94,-104,-60,15
-69,-70,-73,-94,-64,-95,15
-70,-81,-73,-94,-64,-59,15
-72,-75,-73,-58,-100,-98,15
-74,-93,-81,-62,-71,-70,16
-77,-82,-81,-65,-75,-70,16
-78,-89,-76,-66,-64,-74,16
-71,-87,-79,-96,-65,-65,16
-74,-78,-71,-60,-73,-68,16
-85,-88,-67,-96,-66,-68,16
-78,-82,-66,-64,-66,-68,16
-73,-72,-67,-100,-67,-75,16
-72,-77,-67,-65,-63,-76,16
-73,-92,-69,-102,-64,-73,16
-66,-80,-72,-65,-67,-81,16
-68,-92,-73,-65,-65,-78,16
-74,-92,-73,-63,-69,-73,16
-74,-89,-72,-65,-69,-72,16
-74,-78,-72,-65,-65,-76,16
-67,-92,-72,-62,-64,-68,16
-66,-80,-72,-97,-64,-74,16
-68,-91,-74,-98,-74,-70,16
-84,-97,-73,-60,-76,-69,16
-85,-84,-74,-96,-75,-77,16
-74,-87,-76,-97,-68,-76,16
-74,-76,-76,-61,-68,-90,16
-74,-79,-76,-100,-74,-86,16
-96,-89,-68,-63,-76,-79,16
-85,-77,-66,-100,-66,-71,16
-86,-87,-67,-102,-67,-71,16
-74,-78,-67,-63,-66,-75,16
-74,-77,-66,-96,-62,-73,16
-75,-88,-67,-99,-62,-74,16
-69,-76,-71,-98,-63,-77,16
-70,-76,-71,-67,-80,-74,16
-69,-86,-72,-64,-98,-71,16
-87,-76,-71,-64,-62,-76,16
-86,-86,-72,-63,-67,-74,16
-72,-76,-68,-71,-75,-77,16
-66,-81,-67,-69,-69,-84,16
-65,-92,-68,-68,-70,-76,16
-80,-81,-68,-66,-98,-75,16
-77,-92,-73,-66,-62,-76,16
-77,-81,-74,-97,-64,-75,16
-70,-89,-73,-60,-67,-75,16
-66,-91,-73,-97,-66,-74,16
-65,-77,-73,-97,-64,-73,16
-71,-88,-73,-59,-64,-81,16
-71,-92,-76,-95,-64,-77,16
-71,-80,-75,-97,-68,-77,16
-71,-89,-76,-68,-68,-73,16
-65,-81,-74,-68,-68,-73,16
-79,-90,-75,-68,-75,-81,16
-83,-95,-76,-59,-67,-76,16
-72,-94,-77,-59,-65,-77,16
-75,-96,-80,-97,-62,-74,16
-72,-86,-75,-61,-73,-78,16
-78,-96,-78,-99,-78,-76,16
-80,-88,-77,-97,-63,-76,16
-78,-90,-78,-70,-63,-78,16
-71,-83,-82,-69,-65,-70,16
-71,-95,-76,-68,-64,-79,16
-73,-82,-74,-66,-66,-75,16
-66,-82,-76,-66,-78,-70,16
-66,-82,-69,-60,-79,-82,16
-65,-74,-69,-60,-79,-76,16
-80,-85,-69,-101,-66,-86,16
-80,-74,-69,-60,-66,-71,16
-79,-84,-70,-64,-81,-72,16
-65,-83,-69,-63,-64,-72,16
-66,-93,-69,-63,-100,-73,16
-66,-83,-69,-60,-64,-73,16
-65,-84,-81,-60,-66,-82,16
-78,-72,-81,-97,-66,-82,16
-80,-82,-80,-98,-66,-74,16
-80,-72,-80,-59,-63,-73,16
-70,-72,-87,-69,-66,-73,16
-69,-72,-86,-66,-66,-76,16
-70,-82,-96,-67,-66,-75,16
-65,-96,-70,-100,-77,-75,16
-66,-85,-70,-63,-76,-74,16
-65,-82,-69,-78,-66,-73,16
-66,-88,-85,-74,-66,-81,16
-70,-88,-80,-69,-60,-77,16
-70,-92,-84,-63,-100,-77,16
-64,-80,-84,-63,-70,-80,16
-65,-94,-83,-65,-66,-82,16
-71,-80,-76,-102,-65,-91,16
-80,-77,-76,-59,-64,-83,16
-78,-73,-77,-97,-77,-72,16
-83,-82,-77,-60,-82,-81,16
-67,-71,-77,-98,-74,-82,16
-69,-81,-77,-97,-76,-74,16
-66,-81,-77,-63,-66,-72,16
-74,-72,-77,-63,-67,-76,16
-82,-87,-79,-63,-66,-71,16
-75,-96,-68,-60,-62,-71,16
-67,-82,-69,-98,-62,-70,16
-71,-71,-68,-100,-63,-82,16
-71,-83,-68,-61,-80,-82,16
-74,-72,-73,-100,-88,-82,16
-85,-82,-74,-96,-69,-77,16
-78,-72,-73,-66,-69,-76,16
-73,-80,-73,-64,-82,-71,16
-70,-78,-72,-69,-70,-77,17
-70,-84,-72,-80,-80,-76,17
-70,-85,-73,-70,-73,-77,17
-68,-76,-72,-71,-70,-76,17
-67,-75,-72,-71,-70,-78,17
-70,-90,-73,-72,-70,-77,17
-69,-77,-72,-71,-69,-77,17
-69,-88,-73,-74,-70,-72,17
-74,-76,-78,-73,-75,-70,17
-74,-85,-78,-72,-74,-74,17
-74,-76,-78,-69,-66,-76,17
-70,-84,-78,-72,-68,-82,17
-70,-74,-77,-71,-67,-66,17
-69,-80,-77,-74,-71,-71,17
-69,-90,-80,-74,-64,-66,17
-74,-90,-79,-74,-71,-74,17
-74,-89,-79,-77,-68,-78,17
-72,-80,-73,-76,-65,-74,17
-71,-74,-73,-71,-67,-64,17
-74,-82,-73,-70,-68,-66,17
-72,-72,-73,-71,-66,-71,17
-73,-82,-73,-78,-67,-66,17
-70,-71,-73,-78,-66,-71,17
-71,-82,-76,-79,-68,-77,17
-72,-71,-78,-69,-64,-79,17
-76,-86,-78,-76,-65,-78,17
-80,-76,-78,-75,-68,-74,17
-84,-76,-72,-72,-68,-70,17
-71,-75,-80,-71,-68,-70,17
-73,-85,-77,-73,-68,-76,17
-72,-72,-80,-73,-69,-77,17
-75,-82,-74,-76,-69,-76,17
-77,-70,-75,-72,-66,-71,17
-77,-82,-78,-73,-69,-71,17
-78,-85,-77,-72,-70,-67,17
-79,-85,-82,-72,-69,-66,17
-77,-73,-89,-73,-74,-78,17
-74,-77,-84,-75,-66,-68,17
-79,-87,-80,-75,-65,-76,17
-76,-77,-75,-68,-68,-72,17
-72,-75,-76,-76,-71,-70,17
-79,-85,-71,-80,-75,-71,17
-80,-100,-70,-72,-68,-69,17
-82,-75,-67,-84,-64,-75,17
-85,-85,-70,-70,-74,-69,17
-80,-84,-84,-70,-70,-73,17
-86,-81,-84,-82,-71,-72,17
-74,-85,-86,-85,-76,-84,17
-73,-93,-82,-76,-78,-68,17
-71,-85,-85,-72,-64,-68,17
-70,-82,-69,-71,-64,-68,17
-71,-85,-72,-71,-64,-74,17
-67,-76,-76,-71,-70,-74,17
-75,-91,-76,-78,-72,-69,17
-76,-73,-69,-68,-72,-70,17
-75,-86,-77,-71,-67,-68,17
-72,-75,-83,-72,-80,-68,17
-73,-83,-77,-80,-69,-68,17
-71,-76,-72,-79,-70,-68,17
-69,-84,-77,-71,-72,-66,17
-71,-74,-86,-74,-71,-82,17
-71,-93,-91,-73,-70,-82,17
-72,-84,-69,-72,-80,-81,17
-71,-76,-70,-70,-68,-82,17
-68,-86,-70,-72,-73,-75,17
-70,-90,-68,-75,-68,-75,17
-71,-78,-69,-74,-68,-72,17
-72,-88,-83,-75,-72,-68,17
-67,-77,-80,-76,-72,-68,17
-68,-96,-76,-76,-75,-67,17
-66,-76,-79,-75,-74,-67,17
-65,-85,-98,-75,-73,-70,17
-70,-78,-74,-74,-73,-71,17
-70,-82,-76,-73,-70,-70,17
-69,-82,-86,-76,-70,-70,17
-70,-72,-76,-76,-69,-69,17
-73,-83,-71,-73,-70,-68,17
-73,-75,-71,-75,-75,-70,17
-67,-93,-72,-72,-74,-69,17
-67,-74,-85,-69,-66,-69,17
-66,-88,-83,-80,-68,-67,17
-71,-80,-83,-70,-67,-69,17
-71,-88,-78,-71,-71,-72,17
-71,-78,-86,-71,-64,-70,17
-72,-89,-92,-72,-76,-74,17
-70,-81,-87,-71,-73,-76,17
-70,-71,-85,-68,-73,-82,17
-75,-81,-85,-70,-68,-66,17
-73,-81,-80,-69,-79,-71,17
-73,-70,-82,-69,-77,-66,17
-71,-80,-73,-76,-73,-74,17
-71,-70,-73,-74,-72,-76,17
-69,-82,-72,-72,-74,-71,17
-68,-73,-68,-68,-69,-68,17
-72,-84,-71,-68,-68,-63,17
-72,-75,-80,-75,-77,-87,17
-70,-76,-80,-72,-78,-63,17
-69,-81,-74,-68,-70,-66,17
-70,-86,-79,-70,-66,-66,17
-73,-80,-83,-72,-73,-66,17
-72,-88,-76,-68,-97,-68,18
-72,-80,-67,-67,-56,-61,18
-72,-84,-74,-65,-94,-96,18
-76,-91,-71,-70,-93,-62,18
-71,-82,-74,-71,-57,-99,18
-69,-84,-75,-62,-60,-61,18
-72,-87,-76,-102,-97,-78,18
-74,-95,-70,-63,-57,-78,18
-75,-89,-68,-100,-96,-76,18
-73,-98,-70,-63,-57,-98,18
-72,-77,-69,-63,-93,-60,18
-75,-88,-68,-102,-95,-100,18
-76,-84,-67,-65,-57,-60,18
-76,-76,-67,-67,-95,-99,18
-70,-74,-67,-68,-57,-100,18
-71,-74,-67,-74,-95,-60,18
-70,-84,-71,-71,-96,-64,18
-70,-74,-71,-73,-57,-64,18
-74,-83,-70,-62,-92,-64,18
-74,-74,-70,-63,-55,-60,18
-68,-85,-70,-100,-92,-98,18
-68,-76,-70,-63,-92,-62,18
-68,-96,-70,-98,-56,-98,18
-69,-78,-70,-73,-92,-63,18
-70,-86,-70,-72,-93,-62,18
-70,-82,-70,-62,-56,-100,18
-69,-87,-70,-102,-92,-62,18
-69,-78,-70,-62,-60,-99,18
-71,-74,-68,-64,-97,-96,18
-73,-75,-76,-67,-98,-60,18
-69,-85,-74,-75,-57,-97,18
-69,-75,-76,-73,-94,-73,18
-69,-86,-78,-74,-97,-72,18
-68,-75,-76,-70,-57,-60,18
-72,-87,-75,-71,-96,-97,18
-73,-78,-70,-71,-95,-99,18
-70,-90,-71,-72,-58,-61,18
-73,-80,-71,-75,-94,-60,18
-68,-82,-71,-83,-55,-99,18
-72,-84,-71,-77,-94,-71,18
-71,-77,-75,-78,-93,-70,18
-84,-91,-73,-76,-56,-70,18
-77,-92,-74,-74,-93,-100,18
-75,-80,-73,-72,-92,-97,18
-69,-89,-69,-68,-60,-97,18
-69,-79,-69,-68,-98,-62,18
-67,-92,-71,-75,-98,-100,18
-89,-80,-77,-72,-60,-63,18
-80,-90,-74,-68,-98,-61,18
-70,-79,-71,-70,-60,-87,18
-82,-92,-72,-70,-99,-78,18
-80,-91,-67,-71,-98,-69,18
-77,-72,-67,-72,-59,-68,18
-77,-81,-67,-68,-58,-77,18
-77,-78,-67,-67,-96,-78,18
-77,-86,-68,-67,-59,-70,18
-72,-76,-71,-68,-97,-66,18
-70,-85,-70,-69,-59,-63,18
-70,-78,-70,-70,-98,-63,18
-70,-77,-71,-70,-60,-63,18
-70,-87,-78,-68,-59,-65,18
-70,-82,-81,-87,-96,-66,18
-87,-96,-71,-83,-58,-71,18
-80,-94,-69,-87,-58,-72,18
-80,-93,-74,-80,-94,-74,18
-85,-83,-70,-78,-58,-75,18
-67,-88,-69,-70,-94,-65,18
-75,-68,-68,-70,-94,-63,18
-76,-69,-69,-71,-56,-67,18
-75,-81,-68,-68,-60,-84,18
-78,-71,-69,-68,-98,-84,18
-79,-72,-68,-67,-60,-80,18
-80,-81,-68,-67,-98,-62,18
-81,-83,-70,-71,-61,-102,18
-70,-96,-72,-71,-55,-62,18
-71,-92,-71,-71,-92,-69,18
-70,-91,-68,-71,-54,-69,18
-70,-89,-70,-71,-54,-67,18
-71,-82,-69,-74,-91,-74,18
-71,-93,-69,-78,-63,-62,18
-71,-80,-69,-68,-60,-101,18
-72,-89,-68,-67,-96,-85,18
-70,-76,-72,-65,-60,-67,18
-73,-80,-70,-70,-57,-66,18
-73,-82,-77,-71,-95,-63,18
-74,-73,-76,-62,-95,-62,18
-81,-90,-77,-72,-57,-62,18
-79,-82,-78,-63,-93,-66,18
-78,-74,-77,-70,-95,-68,18
-71,-94,-71,-80,-57,-62,18
-72,-94,-69,-69,-96,-86,18
-71,-84,-69,-80,-57,-88,18
-69,-83,-69,-76,-92,-70,18
-82,-83,-69,-75,-56,-72,18
-76,-94,-76,-84,-92,-98,18
-82,-79,-71,-75,-56,-98,18
-81,-68,-82,-71,-93,-62,18
-72,-78,-76,-71,-94,-103,18
-72,-68,-75,-78,-96,-62,18
-72,-69,-78,-78,-95,-80,18
-75,-80,-83,-80,-77,-65,19
-80,-87,-75,-94,-76,-64,19
-77,-77,-75,-82,-76,-81,19
-78,-90,-76,-76,-74,-82,19
-82,-84,-76,-75,-70,-82,19
-74,-86,-75,-77,-68,-67,19
-74,-77,-75,-82,-68,-66,19
-74,-76,-75,-80,-69,-65,19
-73,-90,-96,-82,-68,-80,19
-77,-80,-89,-76,-76,-83,19
-77,-88,-96,-75,-78,-86,19
-77,-77,-82,-74,-70,-74,19
-78,-90,-83,-85,-71,-74,19
-77,-79,-81,-72,-70,-82,19
-77,-78,-83,-70,-77,-73,19
-78,-97,-83,-74,-76,-74,19
-88,-94,-76,-78,-74,-74,19
-82,-92,-76,-73,-70,-68,19
-79,-83,-75,-75,-68,-67,19
-80,-95,-75,-72,-69,-77,19
-82,-81,-74,-72,-69,-82,19
-76,-87,-75,-73,-74,-77,19
-75,-77,-83,-72,-71,-67,19
-74,-88,-82,-78,-70,-67,19
-76,-78,-82,-85,-70,-80,19
-76,-88,-83,-80,-74,-85,19
-76,-87,-84,-80,-66,-75,19
-75,-85,-84,-75,-66,-76,19
-71,-84,-78,-79,-68,-68,19
-72,-94,-77,-80,-71,-67,19
-77,-83,-77,-73,-69,-68,19
-78,-80,-78,-73,-69,-79,19
-80,-82,-77,-73,-66,-78,19
-80,-93,-77,-73,-66,-67,19
-73,-80,-77,-73,-70,-69,19
-73,-87,-77,-81,-68,-66,19
-74,-77,-81,-74,-70,-76,19
-73,-87,-91,-78,-78,-89,19
-84,-78,-89,-72,-73,-86,19
-80,-87,-85,-78,-73,-66,19
-78,-80,-85,-75,-70,-67,19
-74,-94,-87,-79,-66,-74,19
-75,-92,-80,-75,-70,-80,19
-74,-88,-80,-74,-64,-72,19
-76,-96,-80,-70,-65,-70,19
-76,-94,-82,-74,-69,-67,19
-76,-77,-87,-77,-70,-81,19
-76,-88,-83,-80,-73,-83,19
-80,-79,-88,-93,-71,-78,19
-78,-81,-88,-78,-71,-73,19
-80,-81,-82,-86,-69,-73,19
-80,-97,-80,-80,-82,-74,19
-74,-97,-85,-79,-73,-63,19
-73,-87,-80,-71,-76,-63,19
-76,-83,-77,-70,-70,-64,19
-77,-95,-75,-81,-70,-77,19
-76,-98,-76,-80,-69,-64,19
-74,-89,-79,-83,-68,-64,19
-73,-78,-73,-79,-68,-64,19
-78,-88,-72,-76,-69,-94,19
-77,-78,-73,-75,-71,-82,19
-76,-88,-73,-77,-68,-86,19
-81,-82,-72,-82,-64,-73,19
-80,-80,-73,-80,-75,-73,19
-81,-81,-72,-82,-66,-72,19
-73,-80,-88,-76,-78,-83,19
-89,-78,-90,-75,-67,-78,19
-76,-85,-80,-74,-77,-68,19
-76,-75,-74,-85,-68,-78,19
-82,-86,-76,-71,-77,-69,19
-79,-85,-78,-80,-70,-80,19
-78,-75,-79,-87,-70,-70,19
-77,-78,-76,-81,-77,-81,19
-74,-87,-74,-70,-76,-71,19
-74,-78,-88,-82,-76,-89,19
-74,-86,-87,-78,-74,-77,19
-74,-81,-84,-86,-70,-82,19
-79,-88,-87,-74,-68,-67,19
-78,-88,-86,-78,-68,-66,19
-78,-92,-86,-72,-69,-65,19
-77,-96,-82,-79,-68,-80,19
-79,-84,-82,-86,-76,-83,19
-80,-97,-82,-76,-78,-86,19
-77,-94,-80,-83,-69,-74,19
-78,-87,-81,-74,-86,-74,19
-82,-77,-80,-73,-71,-82,19
-74,-86,-79,-73,-72,-76,19
-74,-79,-76,-82,-86,-84,19
-74,-91,-75,-82,-69,-77,19
-73,-83,-75,-74,-68,-80,19
-77,-83,-75,-73,-72,-74,19
-75,-89,-75,-76,-73,-74,19
-78,-79,-88,-76,-75,-73,19
-77,-89,-80,-80,-75,-75,19
-76,-84,-81,-85,-68,-74,19
-74,-88,-82,-81,-76,-79,19
-75,-98,-83,-81,-76,-81,19
-75,-94,-85,-76,-72,-78,19
-79,-97,-82,-77,-70,-78,19
-77,-100,-81,-79,-68,-73,19
-91,-91,-71,-84,-77,-64,20
-91,-89,-69,-86,-71,-65,20
-87,-95,-71,-80,-72,-82,20
-96,-75,-72,-80,-76,-65,20
-82,-82,-70,-81,-74,-101,20
-77,-68,-76,-86,-73,-67,20
-82,-91,-75,-80,-74,-70,20
-85,-92,-82,-87,-70,-69,20
-82,-74,-73,-72,-70,-72,20
-80,-86,-76,-73,-68,-68,20
-83,-70,-82,-87,-72,-65,20
-82,-81,-78,-83,-77,-66,20
-85,-76,-76,-84,-81,-64,20
-82,-80,-76,-83,-75,-74,20
-78,-71,-74,-80,-75,-73,20
-88,-80,-77,-80,-78,-76,20
-87,-87,-73,-78,-72,-68,20
-90,-81,-68,-78,-72,-65,20
-84,-70,-68,-77,-73,-78,20
-87,-82,-70,-85,-70,-77,20
-88,-78,-66,-82,-71,-64,20
-83,-86,-66,-82,-74,-64,20
-89,-74,-69,-79,-72,-64,20
-89,-82,-68,-78,-75,-62,20
-88,-92,-69,-85,-77,-63,20
-88,-79,-69,-83,-71,-102,20
-82,-71,-68,-81,-73,-60,20
-82,-89,-69,-82,-73,-98,20
-86,-74,-70,-88,-71,-80,20
-87,-86,-72,-82,-77,-62,20
-86,-86,-70,-82,-74,-62,20
-88,-97,-70,-80,-70,-61,20
-87,-80,-69,-82,-72,-85,20
-83,-69,-67,-80,-74,-73,20
-94,-81,-69,-80,-74,-64,20
-98,-80,-68,-88,-74,-64,20
-85,-70,-68,-83,-79,-65,20
-80,-80,-69,-78,-68,-64,20
-80,-69,-78,-78,-76,-69,20
-80,-96,-77,-94,-73,-99,20
-77,-72,-77,-90,-77,-98,20
-89,-88,-78,-91,-73,-67,20
-88,-75,-73,-78,-72,-66,20
-76,-87,-70,-70,-75,-68,20
-79,-80,-72,-71,-78,-77,20
-80,-91,-76,-82,-70,-70,20
-80,-78,-80,-78,-70,-74,20
-75,-77,-79,-76,-73,-67,20
-88,-88,-79,-78,-72,-68,20
-91,-77,-79,-82,-69,-68,20
-84,-87,-78,-80,-68,-66,20
-80,-75,-78,-80,-73,-66,20
-80,-85,-75,-78,-80,-66,20
-80,-77,-76,-78,-71,-67,20
-79,-90,-76,-81,-67,-64,20
-78,-91,-75,-82,-70,-66,20
-94,-82,-77,-82,-70,-68,20
-90,-89,-77,-75,-67,-70,20
-78,-78,-75,-77,-68,-65,20
-78,-69,-74,-77,-73,-68,20
-78,-78,-72,-76,-72,-73,20
-76,-69,-74,-77,-76,-79,20
-78,-79,-74,-78,-70,-61,20
-75,-69,-72,-81,-71,-80,20
-74,-79,-71,-76,-71,-74,20
-71,-80,-75,-85,-71,-69,20
-72,-91,-74,-88,-79,-75,20
-73,-82,-75,-84,-87,-65,20
-82,-92,-76,-78,-88,-64,20
-77,-78,-76,-77,-72,-97,20
-77,-87,-75,-85,-77,-62,20
-74,-76,-75,-82,-72,-100,20
-82,-89,-74,-82,-72,-62,20
-83,-70,-73,-79,-77,-66,20
-80,-69,-76,-78,-71,-68,20
-80,-78,-76,-85,-72,-66,20
-81,-70,-73,-83,-76,-71,20
-77,-79,-75,-81,-74,-70,20
-76,-69,-72,-82,-73,-72,20
-76,-81,-74,-74,-74,-72,20
-78,-72,-73,-74,-70,-65,20
-78,-85,-75,-76,-70,-65,20
-77,-70,-78,-80,-68,-64,20
-72,-68,-82,-84,-72,-72,20
-72,-78,-73,-93,-68,-72,20
-72,-79,-72,-81,-80,-67,20
-76,-76,-73,-89,-69,-66,20
-77,-66,-74,-77,-67,-70,20
-76,-78,-75,-76,-69,-66,20
-76,-82,-75,-84,-74,-73,20
-75,-72,-75,-73,-72,-76,20
-76,-83,-75,-84,-72,-68,20
-75,-75,-71,-78,-73,-65,20
-83,-81,-68,-74,-83,-78,20
-84,-73,-66,-72,-73,-77,20
-80,-87,-77,-82,-72,-64,20
-92,-74,-74,-70,-76,-64,20
-80,-83,-76,-70,-70,-64,20
-79,-69,-73,-77,-71,-66,20
-90,-77,-82,-84,-77,-66,20
-71,-82,-64,-80,-59,-60,21
-72,-82,-63,-83,-97,-98,21
-76,-72,-63,-91,-61,-98,21
-74,-84,-63,-76,-98,-61,21
-78,-73,-63,-72,-63,-100,21
-75,-94,-65,-77,-100,-60,21
-70,-96,-64,-94,-98,-58,21
-70,-91,-64,-74,-97,-96,21
-86,-78,-64,-82,-100,-96,21
-78,-78,-64,-73,-100,-59,21
-77,-86,-64,-71,-62,-96,21
-80,-78,-64,-71,-63,-60,21
-69,-76,-65,-71,-61,-99,21
-69,-85,-68,-72,-98,-95,21
-76,-76,-69,-74,-61,-59,21
-76,-86,-70,-82,-98,-96,21
-78,-76,-71,-78,-57,-100,21
-79,-75,-67,-73,-94,-98,21
-70,-98,-67,-72,-95,-98,21
-85,-69,-65,-72,-58,-60,21
-83,-70,-64,-80,-94,-96,21
-84,-78,-64,-73,-58,-98,21
-81,-68,-63,-70,-94,-64,21
-82,-80,-64,-71,-95,-64,21
-82,-81,-63,-80,-64,-61,21
-68,-70,-64,-78,-63,-59,21
-77,-78,-64,-80,-64,-96,21
-78,-76,-64,-82,-60,-60,21
-74,-77,-71,-79,-60,-58,21
-72,-78,-68,-74,-97,-66,21
-73,-77,-70,-74,-97,-66,21
-77,-92,-70,-76,-96,-100,21
-78,-82,-69,-78,-59,-63,21
-77,-92,-71,-77,-57,-62,21
-72,-81,-71,-73,-63,-68,21
-74,-80,-72,-75,-63,-68,21
-81,-91,-72,-73,-97,-68,21
-80,-79,-65,-74,-62,-98,21
-82,-78,-65,-71,-57,-60,21
-82,-69,-64,-71,-96,-97,21
-80,-69,-65,-71,-94,-60,21
-80,-78,-67,-72,-62,-96,21
-72,-71,-67,-81,-62,-60,21
-73,-90,-67,-76,-98,-102,21
-74,-84,-67,-76,-67,-62,21
-83,-76,-67,-83,-100,-64,21
-80,-84,-63,-80,-60,-64,21
-82,-86,-66,-83,-96,-62,21
-84,-74,-67,-73,-98,-72,21
-72,-73,-67,-82,-60,-72,21
-74,-83,-65,-84,-98,-63,21
-86,-71,-66,-75,-98,-100,21
-78,-80,-65,-74,-95,-62,21
-87,-80,-66,-82,-59,-95,21
-88,-70,-66,-73,-98,-98,21
-83,-80,-70,-73,-97,-74,21
-74,-70,-71,-73,-60,-72,21
-76,-80,-71,-71,-97,-74,21
-77,-69,-72,-72,-60,-62,21
-78,-80,-71,-74,-96,-62,21
-82,-76,-72,-82,-60,-100,21
-82,-75,-64,-78,-95,-62,21
-77,-84,-70,-74,-59,-100,21
-76,-75,-70,-82,-96,-60,21
-77,-85,-69,-75,-59,-61,21
-79,-93,-70,-83,-97,-98,21
-75,-93,-70,-75,-58,-61,21
-79,-83,-70,-82,-94,-60,21
-82,-94,-70,-74,-63,-96,21
-78,-83,-64,-79,-63,-98,21
-90,-75,-65,-85,-63,-97,21
-81,-84,-64,-78,-97,-60,21
-84,-74,-65,-84,-59,-96,21
-76,-84,-66,-80,-97,-61,21
-77,-70,-66,-85,-59,-98,21
-77,-80,-67,-77,-96,-60,21
-82,-78,-67,-86,-60,-97,21
-78,-89,-66,-77,-100,-100,21
-76,-78,-66,-84,-63,-61,21
-80,-95,-66,-75,-64,-66,21
-83,-79,-65,-78,-61,-60,21
-81,-90,-65,-77,-100,-100,21
-78,-72,-65,-85,-61,-98,21
-72,-80,-66,-91,-60,-60,21
-76,-72,-65,-89,-62,-98,21
-74,-80,-66,-83,-62,-59,21
-78,-82,-69,-86,-64,-97,21
-75,-72,-68,-82,-66,-97,21
-70,-96,-67,-82,-63,-65,21
-70,-90,-66,-80,-65,-98,21
-86,-97,-68,-79,-66,-59,21
-78,-88,-66,-79,-67,-59,21
-77,-93,-66,-78,-66,-62,21
-80,-71,-66,-76,-62,-61,21
-69,-80,-66,-75,-63,-60,21
-86,-70,-78,-82,-102,-98,21
-83,-80,-79,-82,-63,-65,21
-82,-70,-76,-81,-63,-70,21
-82,-80,-76,-76,-63,-68,21
-81,-69,-77,-75,-66,-66,21
-77,-90,-84,-71,-71,-66,22
-82,-74,-80,-93,-62,-98,22
-73,-75,-71,-87,-57,-70,22
-76,-87,-70,-73,-94,-70,22
-74,-77,-71,-74,-57,-71,22
-74,-86,-71,-80,-94,-64,22
-80,-72,-78,-75,-96,-101,22
-84,-83,-81,-71,-65,-62,22
-73,-84,-84,-68,-94,-64,22
-75,-75,-80,-71,-94,-65,22
-76,-85,-73,-69,-94,-63,22
-76,-68,-73,-68,-56,-66,22
-83,-80,-72,-71,-95,-63,22
-76,-70,-76,-72,-56,-72,22
-82,-80,-77,-72,-96,-71,22
-82,-70,-76,-91,-67,-67,22
-83,-81,-76,-76,-66,-67,22
-90,-68,-78,-80,-67,-68,22
-85,-68,-75,-78,-68,-75,22
-83,-77,-77,-84,-68,-76,22
-82,-68,-76,-78,-66,-67,22
-80,-84,-77,-79,-70,-78,22
-84,-72,-76,-83,-62,-74,22
-80,-80,-76,-85,-74,-65,22
-82,-80,-75,-77,-66,-68,22
-82,-71,-72,-85,-66,-68,22
-73,-84,-76,-82,-58,-71,22
-72,-74,-74,-82,-96,-70,22
-80,-81,-79,-80,-62,-87,22
-79,-84,-75,-85,-59,-63,22
-77,-75,-69,-84,-96,-96,22
-72,-89,-70,-82,-96,-60,22
-76,-89,-73,-84,-60,-96,22
-72,-77,-74,-80,-98,-96,22
-79,-92,-74,-76,-64,-97,22
-78,-76,-75,-84,-101,-95,22
-79,-82,-78,-82,-63,-96,22
-82,-75,-80,-80,-63,-63,22
-82,-85,-94,-74,-60,-64,22
-73,-75,-84,-74,-98,-63,22
-74,-71,-78,-93,-58,-76,22
-81,-83,-76,-76,-60,-74,22
-81,-84,-74,-72,-98,-76,22
-80,-74,-75,-74,-98,-67,22
-80,-74,-75,-77,-65,-65,22
-73,-84,-75,-70,-63,-91,22
-72,-75,-75,-69,-63,-62,22
-74,-96,-72,-70,-65,-98,22
-74,-78,-69,-68,-66,-63,22
-76,-86,-68,-88,-63,-67,22
-76,-75,-76,-78,-63,-65,22
-74,-86,-80,-75,-63,-63,22
-71,-74,-87,-83,-63,-69,22
-73,-85,-88,-77,-64,-97,22
-75,-74,-69,-82,-68,-66,22
-75,-83,-68,-77,-60,-64,22
-72,-87,-69,-79,-62,-68,22
-72,-87,-69,-87,-63,-72,22
-72,-85,-68,-80,-67,-73,22
-74,-79,-68,-83,-63,-72,22
-72,-84,-77,-80,-63,-63,22
-72,-89,-80,-75,-98,-69,22
-74,-78,-82,-78,-61,-65,22
-76,-89,-80,-77,-98,-74,22
-73,-89,-78,-81,-98,-76,22
-71,-80,-82,-82,-60,-77,22
-70,-83,-77,-80,-98,-67,22
-70,-75,-71,-77,-101,-68,22
-72,-75,-70,-76,-61,-66,22
-80,-74,-70,-78,-100,-64,22
-73,-90,-71,-77,-62,-65,22
-72,-78,-70,-78,-61,-66,22
-77,-79,-67,-74,-98,-66,22
-72,-90,-67,-87,-63,-68,22
-72,-79,-67,-73,-64,-67,22
-80,-89,-67,-74,-97,-72,22
-73,-74,-67,-80,-61,-66,22
-75,-96,-67,-75,-98,-66,22
-74,-85,-67,-71,-61,-70,22
-77,-73,-69,-68,-100,-70,22
-77,-82,-70,-71,-67,-62,22
-80,-91,-70,-69,-62,-94,22
-78,-77,-69,-68,-62,-95,22
-80,-87,-68,-71,-59,-65,22
-76,-76,-68,-80,-98,-91,22
-74,-86,-70,-76,-99,-62,22
-80,-77,-67,-78,-60,-98,22
-78,-85,-67,-82,-64,-63,22
-77,-72,-70,-82,-63,-67,22
-77,-73,-70,-80,-66,-90,22
-77,-75,-72,-79,-96,-70,22
-71,-84,-73,-77,-66,-69,22
-73,-83,-74,-78,-59,-62,22
-74,-90,-74,-70,-64,-67,22
-76,-84,-74,-69,-64,-77,22
-75,-80,-75,-80,-100,-74,22
-76,-90,-76,-74,-62,-98,22
-76,-80,-70,-68,-98,-65,22
-74,-92,-71,-71,-62,-69,22
-73,-89,-72,-74,-98,-95,22
-73,-79,-69,-97,-76,-92,23
-73,-69,-69,-89,-70,-93,23
-73,-79,-70,-76,-77,-56,23
-79,-69,-71,-78,-76,-56,23
-78,-80,-73,-80,-80,-92,23
-82,-80,-80,-81,-67,-91,23
-85,-76,-81,-82,-68,-54,23
-91,-95,-81,-80,-67,-92,23
-84,-72,-69,-74,-70,-96,23
-82,-84,-69,-76,-68,-55,23
-84,-72,-68,-75,-75,-94,23
-80,-74,-69,-89,-75,-93,23
-78,-84,-70,-80,-73,-56,23
-74,-72,-70,-73,-69,-92,23
-75,-78,-68,-83,-69,-94,23
-74,-84,-75,-80,-71,-57,23
-75,-82,-71,-81,-76,-92,23
-75,-79,-71,-80,-71,-55,23
-73,-95,-72,-76,-71,-92,23
-84,-73,-69,-77,-72,-93,23
-94,-82,-71,-77,-65,-55,23
-87,-73,-74,-79,-65,-55,23
-77,-84,-70,-76,-72,-57,23
-80,-88,-70,-78,-72,-96,23
-82,-76,-70,-94,-71,-93,23
-82,-86,-70,-85,-70,-57,23
-84,-74,-70,-80,-71,-95,23
-82,-82,-71,-79,-70,-55,23
-74,-73,-78,-81,-70,-93,23
-75,-82,-80,-91,-70,-93,23
-76,-72,-78,-81,-69,-55,23
-77,-74,-78,-82,-67,-93,23
-77,-88,-72,-78,-68,-93,23
-78,-78,-71,-83,-66,-93,23
-82,-86,-70,-77,-66,-56,23
-84,-74,-69,-80,-69,-96,23
-77,-84,-71,-77,-70,-60,23
-80,-72,-76,-72,-66,-98,23
-81,-82,-74,-72,-65,-60,23
-81,-73,-73,-71,-70,-97,23
-80,-77,-74,-75,-71,-95,23
-76,-89,-74,-72,-71,-94,23
-77,-85,-76,-76,-72,-59,23
-76,-87,-78,-72,-74,-58,23
-76,-83,-67,-71,-73,-96,23
-76,-72,-67,-80,-74,-58,23
-76,-82,-72,-79,-75,-94,23
-74,-74,-75,-77,-72,-58,23
-75,-84,-92,-73,-74,-60,23
-76,-82,-84,-84,-77,-98,23
-76,-80,-67,-91,-73,-97,23
-77,-86,-69,-86,-76,-91,23
-77,-81,-70,-83,-69,-98,23
-79,-84,-70,-81,-69,-60,23
-82,-74,-70,-85,-70,-53,23
-80,-80,-70,-83,-71,-55,23
-82,-69,-69,-82,-71,-91,23
-80,-82,-69,-80,-71,-64,23
-76,-80,-76,-83,-67,-64,23
-76,-71,-74,-82,-67,-62,23
-75,-80,-77,-76,-67,-54,23
-81,-71,-76,-77,-73,-91,23
-76,-80,-76,-77,-73,-92,23
-76,-80,-74,-83,-73,-54,23
-78,-75,-68,-85,-72,-92,23
-74,-84,-69,-86,-70,-54,23
-83,-74,-68,-82,-70,-92,23
-82,-84,-69,-78,-76,-92,23
-94,-81,-69,-78,-77,-62,23
-86,-71,-69,-76,-80,-62,23
-91,-81,-76,-78,-73,-62,23
-92,-76,-76,-80,-73,-60,23
-78,-89,-76,-81,-73,-98,23
-77,-84,-77,-82,-68,-60,23
-76,-83,-77,-80,-70,-97,23
-74,-73,-77,-74,-80,-96,23
-75,-84,-77,-76,-84,-61,23
-75,-71,-77,-75,-83,-98,23
-75,-82,-76,-89,-69,-101,23
-75,-73,-76,-80,-68,-54,23
-76,-73,-77,-82,-69,-54,23
-76,-82,-77,-71,-75,-92,23
-76,-70,-77,-82,-75,-54,23
-78,-82,-77,-71,-78,-92,23
-75,-71,-78,-86,-80,-91,23
-74,-83,-78,-76,-76,-60,23
-73,-72,-78,-76,-72,-98,23
-75,-73,-77,-75,-77,-97,23
-83,-83,-77,-85,-70,-61,23
-83,-72,-76,-72,-77,-100,23
-82,-72,-76,-84,-76,-97,23
-83,-83,-76,-71,-80,-61,23
-77,-82,-76,-72,-67,-100,23
-78,-72,-74,-74,-68,-97,23
-82,-82,-75,-73,-67,-53,23
-80,-73,-75,-80,-80,-92,23
-78,-82,-74,-82,-85,-92,23
-79,-72,-69,-80,-78,-54,23
-79,-98,-69,-78,-79,-92,23
-79,-86,-69,-78,-83,-91,23
-80,-94,-66,-78,-80,-64,24
-74,-77,-66,-73,-71,-96,24
-78,-82,-66,-83,-69,-59,24
-74,-76,-66,-76,-69,-97,24
-74,-91,-65,-78,-71,-61,24
-75,-75,-66,-75,-71,-98,24
-77,-85,-76,-71,-70,-62,24
-77,-75,-75,-73,-64,-61,24
-76,-76,-74,-78,-64,-98,24
-77,-84,-74,-77,-64,-62,24
-78,-73,-74,-77,-63,-99,24
-78,-86,-72,-72,-64,-98,24
-79,-77,-72,-76,-98,-71,24
-75,-86,-70,-82,-102,-69,24
-72,-76,-68,-80,-64,-67,24
-72,-87,-68,-81,-65,-100,24
-79,-86,-69,-76,-99,-100,24
-80,-76,-69,-79,-67,-61,24
-84,-86,-69,-78,-64,-98,24
-75,-76,-69,-72,-65,-62,24
-73,-77,-69,-70,-75,-100,24
-74,-86,-76,-79,-72,-70,24
-73,-76,-77,-78,-74,-67,24
-77,-89,-78,-80,-66,-60,24
-76,-80,-77,-76,-65,-95,24
-77,-89,-77,-90,-64,-97,24
-78,-69,-77,-78,-88,-62,24
-89,-70,-77,-77,-77,-98,24
-74,-81,-76,-76,-68,-100,24
-74,-71,-76,-76,-68,-62,24
-75,-72,-78,-73,-65,-58,24
-79,-72,-69,-78,-65,-68,24
-76,-83,-68,-77,-67,-61,24
-77,-72,-70,-74,-74,-98,24
-74,-85,-72,-73,-70,-98,24
-77,-75,-72,-82,-69,-62,24
-77,-85,-69,-71,-62,-62,24
-76,-76,-69,-76,-67,-99,24
-76,-84,-70,-80,-77,-72,24
-75,-78,-72,-78,-74,-64,24
-85,-89,-73,-78,-98,-62,24
-85,-78,-73,-82,-64,-64,24
-82,-92,-71,-77,-63,-64,24
-82,-76,-72,-78,-68,-98,24
-71,-87,-74,-76,-68,-63,24
-82,-80,-71,-76,-69,-68,24
-84,-77,-76,-89,-65,-67,24
-78,-92,-71,-88,-66,-97,24
-77,-86,-77,-72,-79,-97,24
-79,-92,-66,-73,-76,-58,24
-76,-81,-70,-76,-74,-97,24
-88,-90,-67,-82,-75,-68,24
-86,-78,-64,-83,-71,-77,24
-87,-88,-74,-77,-72,-63,24
-90,-77,-69,-80,-71,-61,24
-80,-87,-66,-74,-70,-100,24
-80,-72,-68,-73,-69,-97,24
-80,-84,-76,-74,-67,-63,24
-77,-85,-75,-72,-67,-64,24
-85,-76,-78,-72,-67,-64,24
-84,-86,-76,-74,-66,-65,24
-93,-72,-75,-88,-68,-65,24
-83,-81,-75,-88,-68,-69,24
-82,-76,-75,-77,-68,-62,24
-79,-93,-70,-83,-70,-100,24
-77,-78,-65,-75,-69,-100,24
-76,-87,-63,-82,-69,-63,24
-83,-77,-66,-76,-68,-98,24
-82,-91,-68,-78,-73,-65,24
-86,-77,-65,-79,-70,-66,24
-83,-92,-69,-82,-71,-67,24
-82,-78,-71,-82,-65,-68,24
-82,-88,-70,-79,-66,-67,24
-85,-77,-76,-80,-71,-81,24
-82,-86,-77,-80,-70,-80,24
-80,-74,-77,-82,-77,-82,24
-82,-86,-77,-76,-74,-67,24
-84,-80,-78,-80,-68,-68,24
-86,-90,-72,-87,-64,-67,24
-83,-81,-70,-88,-70,-64,24
-82,-85,-68,-78,-72,-100,24
-75,-84,-75,-72,-77,-100,24
-73,-94,-76,-72,-70,-63,24
-74,-76,-76,-72,-69,-97,24
-74,-66,-75,-75,-70,-99,24
-87,-82,-72,-74,-69,-62,24
-84,-74,-74,-78,-69,-98,24
-82,-90,-71,-73,-62,-76,24
-78,-93,-71,-83,-68,-101,24
-81,-76,-73,-76,-63,-65,24
-78,-83,-72,-78,-64,-76,24
-82,-75,-77,-75,-63,-63,24
-76,-86,-74,-71,-103,-100,24
-78,-73,-71,-73,-69,-68,24
-81,-84,-72,-78,-71,-100,24
-76,-73,-71,-77,-71,-101,24
-82,-83,-70,-77,-69,-60,24
-80,-78,-71,-72,-68,-97,24
-82,-89,-70,-70,-70,-59,24
-77,-93,-68,-74,-68,-97,24
-82,-73,-73,-76,-67,-96,25
-80,-72,-74,-71,-67,-57,25
-76,-83,-73,-70,-67,-95,25
-82,-72,-73,-70,-74,-94,25
-88,-83,-73,-80,-74,-58,25
-87,-78,-75,-80,-97,-94,25
-72,-68,-75,-77,-65,-57,25
-76,-78,-72,-83,-65,-76,25
-76,-69,-73,-81,-65,-71,25
-76,-80,-76,-74,-66,-68,25
-77,-70,-73,-71,-70,-63,25
-80,-81,-68,-76,-65,-97,25
-83,-71,-68,-76,-66,-63,25
-86,-89,-68,-92,-67,-96,25
-86,-77,-68,-80,-67,-56,25
-83,-77,-66,-78,-68,-92,25
-79,-76,-67,-81,-70,-94,25
-74,-78,-76,-73,-72,-57,25
-75,-69,-73,-86,-70,-97,25
-75,-80,-69,-89,-78,-57,25
-78,-70,-70,-80,-74,-92,25
-78,-83,-71,-75,-76,-56,25
-83,-80,-70,-78,-69,-58,25
-82,-72,-72,-80,-67,-55,25
-80,-85,-69,-83,-70,-93,25
-84,-64,-72,-82,-71,-94,25
-89,-77,-70,-85,-71,-60,25
-82,-69,-66,-85,-81,-97,25
-80,-77,-69,-91,-77,-60,25
-91,-65,-67,-86,-71,-97,25
-82,-78,-67,-74,-74,-95,25
-82,-67,-67,-73,-68,-58,25
-82,-88,-66,-88,-62,-56,25
-82,-85,-66,-81,-65,-94,25
-76,-65,-65,-78,-68,-62,25
-76,-64,-65,-73,-78,-62,25
-77,-75,-66,-72,-86,-67,25
-76,-66,-70,-72,-66,-62,25
-88,-78,-67,-90,-65,-97,25
-85,-67,-74,-87,-64,-97,25
-77,-77,-70,-95,-82,-100,25
-89,-68,-71,-88,-67,-99,25
-77,-77,-69,-80,-67,-63,25
-77,-70,-67,-85,-66,-63,25
-77,-70,-68,-90,-67,-58,25
-85,-82,-69,-72,-65,-95,25
-87,-62,-68,-74,-67,-94,25
-97,-75,-68,-72,-80,-63,25
-84,-66,-65,-93,-87,-94,25
-76,-74,-66,-91,-66,-94,25
-76,-85,-67,-77,-67,-94,25
-76,-87,-67,-77,-65,-57,25
-77,-82,-67,-81,-79,-96,25
-86,-71,-68,-96,-77,-59,25
-85,-84,-68,-90,-80,-96,25
-83,-76,-68,-90,-69,-95,25
-76,-66,-78,-91,-69,-61,25
-75,-76,-78,-88,-69,-65,25
-76,-70,-74,-92,-67,-64,25
-76,-78,-72,-74,-66,-64,25
-82,-70,-67,-75,-70,-71,25
-83,-70,-80,-79,-70,-63,25
-84,-69,-66,-85,-69,-98,25
-84,-80,-67,-83,-70,-65,25
-83,-69,-68,-86,-69,-63,25
-84,-79,-72,-72,-69,-63,25
-89,-68,-73,-73,-77,-101,25
-88,-80,-74,-75,-76,-65,25
-87,-70,-76,-89,-65,-68,25
-82,-71,-77,-88,-69,-68,25
-83,-71,-73,-90,-66,-61,25
-82,-72,-73,-81,-78,-101,25
-76,-80,-73,-87,-79,-64,25
-76,-68,-70,-82,-80,-65,25
-75,-78,-72,-96,-78,-106,25
-76,-69,-71,-89,-69,-59,25
-75,-77,-71,-89,-68,-96,25
-84,-80,-70,-85,-69,-97,25
-83,-71,-67,-74,-67,-59,25
-83,-70,-72,-74,-68,-96,25
-73,-82,-71,-90,-68,-58,25
-72,-70,-70,-83,-70,-70,25
-73,-80,-70,-82,-67,-68,25
-72,-69,-72,-85,-68,-70,25
-82,-69,-70,-77,-70,-60,25
-82,-80,-70,-80,-72,-97,25
-86,-78,-69,-78,-70,-100,25
-86,-87,-69,-85,-78,-61,25
-87,-84,-70,-82,-74,-98,25
-75,-79,-70,-90,-76,-97,25
-75,-86,-70,-78,-67,-60,25
-76,-74,-69,-88,-67,-102,25
-85,-83,-67,-92,-74,-63,25
-86,-68,-67,-74,-74,-62,25
-75,-80,-68,-76,-87,-63,25
-75,-69,-68,-76,-65,-66,25
-74,-68,-69,-78,-69,-66,25
-74,-80,-71,-83,-76,-73,25
-87,-80,-73,-84,-75,-68,25
-86,-68,-73,-90,-70,-70,25
-82,-86,-81,-81,-73,-96,26
-77,-84,-70,-78,-75,-62,26
-76,-81,-85,-78,-76,-96,26
-78,-73,-74,-78,-73,-96,26
-89,-88,-79,-82,-73,-57,26
-91,-78,-75,-84,-68,-96,26
-89,-87,-71,-81,-79,-98,26
-85,-74,-71,-80,-77,-98,26
-81,-84,-68,-83,-73,-61,26
-92,-75,-67,-82,-72,-98,26
-83,-83,-67,-80,-74,-60,26
-80,-74,-67,-81,-71,-98,26
-88,-83,-68,-76,-72,-63,26
-79,-74,-68,-76,-72,-100,26
-82,-83,-68,-77,-73,-98,26
-80,-81,-67,-75,-73,-60,26
-86,-91,-74,-77,-82,-60,26
-88,-83,-75,-76,-82,-96,26
-84,-88,-75,-72,-74,-62,26
-84,-80,-82,-74,-73,-61,26
-81,-86,-86,-76,-73,-99,26
-82,-76,-85,-74,-76,-60,26
-78,-86,-75,-84,-76,-96,26
-80,-81,-74,-78,-80,-62,26
-80,-80,-75,-78,-78,-69,26
-81,-70,-71,-74,-85,-57,26
-92,-78,-70,-73,-70,-97,26
-80,-70,-66,-72,-87,-94,26
-78,-80,-72,-78,-75,-57,26
-79,-88,-74,-92,-96,-97,26
-77,-88,-68,-81,-72,-96,26
-83,-77,-65,-77,-68,-60,26
-90,-91,-82,-89,-76,-98,26
-85,-77,-72,-90,-75,-96,26
-84,-70,-71,-75,-76,-59,26
-81,-78,-72,-79,-75,-96,26
-81,-68,-72,-85,-77,-60,26
-77,-78,-88,-89,-77,-98,26
-79,-68,-86,-82,-79,-61,26
-90,-78,-76,-80,-84,-53,26
-91,-70,-75,-77,-80,-93,26
-83,-71,-84,-81,-78,-61,26
-83,-83,-69,-89,-85,-60,26
-82,-75,-69,-82,-88,-95,26
-85,-84,-70,-78,-78,-96,26
-81,-72,-72,-75,-80,-96,26
-86,-70,-72,-75,-82,-61,26
-84,-74,-71,-76,-78,-65,26
-85,-83,-68,-78,-77,-98,26
-82,-96,-68,-86,-77,-91,26
-83,-74,-68,-77,-79,-68,26
-97,-92,-72,-74,-80,-84,26
-79,-72,-79,-76,-79,-98,26
-81,-81,-86,-88,-77,-62,26
-81,-79,-76,-91,-77,-63,26
-89,-71,-83,-90,-79,-100,26
-80,-83,-74,-82,-74,-62,26
-80,-74,-74,-83,-81,-61,26
-80,-82,-73,-80,-76,-65,26
-87,-75,-68,-88,-76,-93,26
-88,-83,-73,-86,-74,-65,26
-89,-91,-73,-88,-70,-74,26
-87,-82,-72,-87,-80,-96,26
-92,-95,-81,-87,-84,-63,26
-81,-76,-81,-80,-74,-66,26
-80,-76,-81,-75,-75,-61,26
-81,-81,-77,-79,-74,-96,26
-78,-84,-76,-74,-74,-57,26
-91,-76,-71,-82,-76,-94,26
-96,-87,-85,-87,-75,-58,26
-89,-79,-70,-82,-76,-66,26
-82,-98,-70,-88,-82,-60,26
-83,-72,-74,-83,-80,-98,26
-82,-82,-74,-81,-81,-66,26
-80,-72,-73,-88,-87,-94,26
-94,-82,-71,-80,-89,-96,26
-79,-78,-72,-85,-75,-55,26
-93,-81,-73,-83,-74,-91,26
-81,-82,-73,-84,-72,-92,26
-92,-72,-76,-86,-72,-52,26
-89,-88,-73,-84,-83,-90,26
-96,-76,-77,-87,-72,-57,26
-82,-85,-75,-83,-85,-90,26
-85,-79,-71,-78,-75,-54,26
-87,-86,-74,-79,-85,-93,26
-92,-77,-78,-80,-76,-51,26
-90,-91,-78,-81,-84,-89,26
-82,-74,-69,-75,-78,-89,26
-80,-94,-69,-76,-73,-52,26
-83,-82,-72,-83,-73,-89,26
-76,-82,-72,-90,-82,-52,26
-90,-71,-71,-89,-82,-92,26
-95,-92,-69,-78,-74,-93,26
-78,-83,-65,-78,-73,-55,26
-82,-84,-65,-82,-73,-95,26
-80,-74,-72,-84,-76,-92,26
-88,-85,-71,-81,-76,-55,26
-90,-80,-66,-80,-80,-54,26
-87,-91,-68,-83,-75,-95,26
-88,-74,-70,-89,-74,-94,26
-80,-82,-67,-86,-79,-64,27
-81,-91,-68,-85,-77,-65,27
-82,-80,-68,-82,-77,-67,27
-80,-91,-68,-72,-76,-94,27
-85,-80,-67,-78,-80,-95,27
-80,-91,-66,-82,-84,-60,27
-83,-95,-66,-85,-78,-96,27
-94,-71,-71,-80,-67,-93,27
-87,-89,-67,-79,-68,-90,27
-87,-92,-72,-79,-79,-95,27
-78,-76,-69,-80,-78,-66,27
-76,-82,-65,-92,-72,-67,27
-78,-71,-75,-80,-86,-58,27
-76,-87,-81,-82,-77,-94,27
-82,-76,-69,-83,-74,-92,27
-82,-78,-69,-81,-82,-57,27
-80,-89,-69,-85,-82,-95,27
-77,-78,-70,-84,-82,-57,27
-82,-85,-70,-80,-69,-96,27
-81,-80,-66,-82,-70,-93,27
-82,-85,-78,-77,-71,-58,27
-81,-76,-71,-83,-85,-96,27
-84,-82,-71,-78,-76,-95,27
-83,-80,-68,-78,-78,-58,27
-82,-78,-67,-76,-75,-96,27
-97,-85,-68,-79,-74,-57,27
-94,-95,-68,-83,-72,-94,27
-78,-86,-67,-72,-72,-55,27
-77,-79,-67,-76,-66,-66,27
-77,-90,-68,-79,-77,-96,27
-76,-71,-64,-90,-82,-60,27
-78,-90,-68,-82,-88,-96,27
-82,-76,-68,-81,-84,-61,27
-84,-74,-70,-83,-67,-99,27
-74,-80,-64,-82,-68,-59,27
-75,-85,-66,-75,-82,-94,27
-77,-91,-67,-75,-70,-93,27
-80,-80,-67,-75,-71,-55,27
-88,-91,-69,-78,-73,-94,27
-81,-82,-67,-79,-74,-94,27
-82,-89,-67,-80,-76,-56,27
-80,-82,-67,-85,-81,-93,27
-89,-90,-67,-84,-79,-93,27
-88,-86,-67,-80,-87,-65,27
-77,-84,-67,-84,-72,-64,27
-76,-74,-67,-80,-68,-100,27
-75,-84,-68,-89,-73,-62,27
-82,-73,-68,-90,-85,-99,27
-83,-85,-68,-92,-84,-58,27
-78,-74,-68,-84,-65,-96,27
-81,-92,-68,-82,-66,-97,27
-77,-85,-68,-90,-67,-58,27
-76,-92,-68,-90,-77,-92,27
-76,-82,-71,-76,-78,-62,27
-77,-89,-71,-82,-67,-59,27
-87,-80,-71,-78,-67,-97,27
-80,-89,-71,-81,-70,-59,27
-89,-76,-71,-85,-71,-96,27
-88,-76,-86,-86,-74,-94,27
-85,-81,-77,-84,-73,-55,27
-83,-93,-91,-84,-66,-96,27
-79,-77,-76,-85,-77,-96,27
-87,-84,-78,-90,-81,-58,27
-86,-70,-78,-90,-87,-56,27
-79,-82,-72,-96,-88,-96,27
-85,-74,-77,-89,-66,-55,27
-79,-74,-74,-90,-66,-93,27
-78,-86,-72,-82,-66,-96,27
-77,-71,-78,-82,-82,-56,27
-77,-86,-68,-84,-80,-100,27
-77,-76,-76,-84,-68,-91,27
-86,-89,-74,-89,-68,-60,27
-85,-80,-71,-84,-70,-96,27
-76,-85,-75,-73,-80,-62,27
-78,-73,-74,-79,-84,-60,27
-72,-84,-77,-84,-82,-98,27
-73,-86,-74,-83,-82,-66,27
-81,-96,-68,-79,-82,-101,27
-77,-80,-66,-85,-67,-60,27
-77,-84,-73,-84,-67,-98,27
-74,-84,-69,-80,-68,-100,27
-76,-83,-76,-82,-73,-64,27
-84,-94,-75,-77,-69,-98,27
-83,-76,-66,-83,-69,-61,27
-82,-85,-65,-78,-69,-60,27
-89,-80,-66,-78,-76,-100,27
-90,-88,-68,-76,-77,-97,27
-87,-94,-80,-79,-78,-58,27
-85,-74,-70,-72,-77,-99,27
-85,-79,-71,-80,-85,-98,27
-85,-85,-71,-73,-84,-93,27
-84,-80,-68,-81,-65,-54,27
-81,-80,-69,-75,-66,-94,27
-80,-70,-68,-97,-67,-56,27
-82,-73,-69,-79,-77,-92,27
-89,-78,-69,-88,-78,-62,27
-89,-69,-69,-87,-67,-98,27
-78,-88,-69,-85,-70,-95,27
-78,-79,-68,-90,-73,-66,27
-77,-77,-68,-79,-73,-97,27
-90,-85,-73,-70,-75,-63,28
-91,-76,-75,-69,-87,-98,28
-80,-84,-75,-74,-78,-62,28
-82,-86,-74,-70,-75,-98,28
-83,-70,-75,-74,-74,-60,28
-85,-82,-72,-68,-76,-96,28
-84,-72,-71,-69,-74,-63,28
-87,-83,-72,-75,-74,-97,28
-96,-72,-72,-69,-79,-58,28
-91,-80,-73,-69,-77,-96,28
-90,-82,-71,-69,-78,-100,28
-90,-83,-80,-73,-79,-60,28
-94,-73,-71,-77,-78,-98,28
-78,-83,-71,-76,-79,-60,28
-79,-73,-71,-76,-77,-98,28
-79,-83,-71,-80,-77,-98,28
-84,-73,-71,-73,-78,-60,28
-84,-83,-71,-70,-76,-97,28
-84,-73,-75,-70,-77,-72,28
-84,-81,-70,-70,-79,-71,28
-78,-73,-70,-74,-77,-70,28
-90,-83,-71,-82,-79,-60,28
-81,-73,-70,-77,-78,-99,28
-80,-83,-72,-77,-78,-58,28
-80,-73,-72,-78,-79,-60,28
-84,-83,-72,-69,-84,-79,28
-82,-73,-75,-69,-77,-85,28
-83,-86,-76,-82,-77,-100,28
-80,-78,-75,-78,-91,-72,28
-96,-85,-74,-77,-81,-72,28
-97,-71,-76,-78,-80,-72,28
-85,-81,-75,-78,-80,-100,28
-81,-71,-80,-75,-78,-59,28
-80,-81,-79,-70,-80,-96,28
-82,-72,-80,-70,-76,-60,28
-83,-82,-79,-73,-74,-59,28
-80,-71,-79,-73,-83,-78,28
-87,-93,-78,-75,-80,-77,28
-86,-82,-81,-74,-81,-77,28
-87,-92,-76,-78,-81,-67,28
-81,-92,-71,-79,-85,-67,28
-81,-82,-71,-73,-91,-61,28
-80,-92,-71,-73,-80,-60,28
-80,-82,-71,-77,-80,-97,28
-81,-81,-72,-77,-82,-98,28
-83,-82,-71,-78,-79,-60,28
-80,-73,-71,-70,-73,-94,28
-79,-72,-72,-69,-82,-96,28
-80,-82,-74,-70,-86,-89,28
-79,-72,-73,-72,-87,-82,28
-82,-82,-80,-73,-93,-60,28
-82,-72,-76,-71,-79,-97,28
-82,-84,-76,-76,-83,-68,28
-82,-71,-80,-74,-75,-68,28
-92,-80,-80,-79,-76,-68,28
-91,-84,-80,-78,-77,-68,28
-86,-72,-80,-79,-83,-99,28
-96,-81,-79,-73,-83,-63,28
-92,-92,-79,-74,-82,-61,28
-86,-82,-76,-73,-78,-62,28
-81,-83,-74,-78,-74,-65,28
-82,-92,-73,-78,-79,-65,28
-86,-82,-74,-77,-73,-65,28
-78,-92,-74,-70,-73,-62,28
-78,-82,-74,-69,-74,-62,28
-78,-81,-74,-70,-73,-101,28
-84,-76,-74,-73,-76,-62,28
-84,-85,-74,-74,-78,-98,28
-84,-74,-78,-74,-84,-65,28
-86,-74,-78,-69,-86,-65,28
-84,-84,-76,-70,-78,-66,28
-92,-74,-77,-70,-81,-67,28
-77,-84,-77,-73,-78,-57,28
-77,-74,-77,-70,-84,-99,28
-77,-82,-75,-69,-80,-97,28
-77,-81,-77,-74,-86,-60,28
-87,-72,-79,-70,-86,-100,28
-89,-72,-79,-74,-83,-98,28
-91,-82,-79,-68,-79,-59,28
-92,-91,-79,-69,-84,-90,28
-84,-82,-80,-75,-85,-65,28
-85,-91,-80,-69,-91,-73,28
-83,-82,-80,-69,-80,-63,28
-80,-92,-79,-81,-80,-62,28
-96,-82,-76,-68,-82,-100,28
-97,-92,-76,-69,-79,-100,28
-85,-82,-70,-74,-73,-60,28
-81,-82,-70,-75,-82,-76,28
-80,-71,-71,-77,-86,-76,28
-82,-83,-72,-66,-87,-71,28
-83,-73,-72,-72,-86,-66,28
-80,-83,-72,-73,-85,-66,28
-87,-72,-73,-73,-73,-66,28
-86,-82,-73,-74,-72,-67,28
-87,-72,-73,-67,-79,-67,28
-81,-82,-74,-66,-82,-67,28
-81,-72,-73,-75,-75,-76,28
-83,-83,-74,-75,-76,-73,28
-85,-73,-73,-75,-80,-70,28
-80,-83,-73,-73,-86,-64,28
