B1,B2,B3,B4,B5,B6,Sector
-60,-88,-78,-76,-91,-76,1
-60,-75,-76,-74,-88,-74,1
-60,-82,-80,-73,-83,-76,1
-60,-75,-80,-76,-80,-78,1
-60,-86,-82,-78,-98,-80,1
-58,-79,-84,-77,-80,-79,1
-57,-84,-87,-76,-79,-76,1
-58,-76,-75,-73,-85,-76,1
-59,-83,-71,-75,-76,-77,1
-59,-80,-74,-80,-76,-74,1
-59,-73,-72,-72,-80,-76,1
-59,-81,-74,-73,-79,-78,1
-60,-77,-69,-75,-83,-78,1
-61,-77,-71,-80,-77,-74,1
-58,-84,-69,-75,-85,-78,1
-60,-77,-77,-76,-76,-80,1
-56,-84,-82,-76,-77,-81,1
-60,-77,-77,-72,-77,-79,1
-61,-84,-82,-75,-90,-73,1
-63,-78,-77,-75,-92,-80,1
-61,-77,-77,-74,-95,-73,1
-64,-82,-70,-77,-86,-80,1
-64,-76,-70,-82,-83,-76,1
-62,-87,-68,-82,-84,-80,1
-59,-79,-71,-79,-81,-79,1
-61,-84,-68,-80,-83,-81,1
-60,-75,-68,-82,-78,-76,1
-60,-83,-74,-69,-78,-76,1
-61,-76,-78,-68,-78,-76,1
-59,-72,-73,-71,-78,-86,1
-59,-80,-76,-76,-80,-85,1
-59,-73,-75,-77,-81,-86,1
-60,-78,-78,-82,-81,-78,1
-59,-75,-68,-73,-80,-76,1
-60,-83,-71,-73,-77,-76,1
-60,-75,-67,-74,-89,-76,1
-60,-80,-70,-72,-87,-79,1
-60,-73,-68,-72,-90,-81,1
-63,-80,-71,-74,-87,-78,1
-60,-73,-73,-74,-80,-76,1
-60,-80,-76,-73,-76,-74,1
-67,-82,-73,-83,-83,-74,1
-64,-74,-77,-83,-82,-80,1
-60,-74,-70,-77,-81,-76,1
-60,-86,-70,-80,-78,-75,1
-60,-79,-76,-80,-83,-75,1
-60,-84,-80,-80,-90,-72,1
-61,-88,-70,-73,-92,-72,1
-60,-79,-73,-74,-78,-76,1
-60,-84,-70,-76,-78,-80,1
-60,-75,-73,-75,-78,-73,1
-59,-76,-69,-76,-93,-76,1
-61,-83,-71,-76,-93,-79,1
-61,-75,-70,-73,-78,-78,1
-60,-83,-68,-71,-80,-74,1
-57,-75,-72,-74,-80,-74,1
-58,-82,-69,-74,-80,-75,1
-60,-73,-72,-82,-78,-75,1
-59,-82,-68,-82,-78,-74,1
-60,-75,-71,-80,-77,-76,1
-60,-82,-68,-74,-78,-75,1
-58,-80,-71,-74,-77,-74,1
-60,-82,-68,-79,-77,-75,1
-60,-82,-71,-80,-77,-80,1
-60,-88,-68,-74,-77,-80,1
-61,-76,-82,-74,-84,-78,1
-60,-82,-79,-75,-85,-76,1
-60,-76,-82,-77,-77,-83,1
-64,-83,-79,-78,-77,-76,1
-65,-83,-82,-77,-77,-76,1
-60,-76,-79,-74,-87,-80,1
-61,-83,-80,-74,-86,-76,1
-61,-76,-76,-85,-86,-76,1
-60,-79,-71,-71,-78,-76,1
-60,-70,-75,-72,-77,-74,1
-59,-79,-78,-73,-76,-74,1
-58,-74,-79,-92,-76,-76,1
-60,-80,-85,-91,-77,-75,1
-61,-73,-73,-95,-80,-83,1
-61,-80,-78,-75,-79,-96,1
-59,-70,-74,-74,-85,-78,1
-60,-72,-83,-85,-76,-74,1
-60,-82,-81,-96,-76,-78,1
-60,-77,-83,-85,-80,-80,1
-60,-85,-80,-72,-79,-81,1
-60,-78,-84,-74,-83,-79,1
-61,-82,-70,-76,-77,-73,1
-62,-75,-70,-76,-85,-80,1
-61,-81,-72,-74,-76,-73,1
-62,-74,-68,-73,-83,-78,1
-59,-82,-71,-76,-74,-72,1
-59,-74,-68,-78,-85,-74,1
-59,-82,-71,-77,-76,-74,1
-59,-74,-74,-76,-70,-77,1
-61,-82,-73,-73,-79,-75,1
-60,-74,-75,-75,-83,-73,1
-61,-82,-71,-80,-85,-86,1
-57,-76,-76,-72,-76,-85,1
-56,-70,-73,-73,-75,-86,1
-58,-81,-73,-75,-74,-75,1
-68,-71,-71,-66,-92,-75,2
-86,-80,-70,-72,-78,-76,2
-77,-72,-64,-96,-80,-71,2
-80,-86,-68,-80,-71,-65,2
-65,-80,-72,-100,-73,-74,2
-70,-88,-76,-68,-80,-74,2
-78,-78,-73,-80,-72,-65,2
-76,-84,-75,-75,-73,-100,2
-67,-78,-72,-71,-73,-74,2
-70,-92,-76,-69,-73,-74,2
-75,-80,-75,-75,-71,-67,2
-73,-72,-71,-67,-74,-75,2
-68,-77,-74,-100,-73,-67,2
-70,-73,-70,-68,-73,-65,2
-69,-82,-66,-70,-86,-66,2
-67,-75,-72,-70,-80,-71,2
-67,-83,-75,-69,-82,-71,2
-69,-74,-71,-66,-94,-71,2
-70,-85,-74,-99,-68,-74,2
-71,-76,-70,-65,-79,-72,2
-69,-70,-72,-66,-77,-72,2
-71,-79,-68,-76,-72,-74,2
-71,-83,-72,-82,-72,-69,2
-75,-85,-69,-75,-73,-69,2
-73,-76,-66,-66,-71,-76,2
-63,-75,-73,-66,-70,-73,2
-66,-83,-74,-98,-70,-74,2
-66,-83,-68,-62,-72,-66,2
-76,-80,-71,-100,-73,-67,2
-77,-71,-72,-103,-70,-66,2
-80,-82,-72,-76,-71,-70,2
-70,-76,-69,-79,-82,-70,2
-71,-71,-66,-78,-82,-70,2
-69,-78,-69,-70,-80,-66,2
-69,-72,-70,-69,-72,-66,2
-73,-77,-70,-70,-72,-98,2
-71,-72,-72,-70,-81,-71,2
-76,-85,-70,-69,-83,-71,2
-71,-74,-77,-69,-82,-73,2
-74,-83,-72,-69,-72,-75,2
-72,-79,-76,-70,-72,-66,2
-71,-74,-73,-70,-72,-66,2
-72,-82,-69,-70,-70,-100,2
-71,-74,-65,-70,-76,-77,2
-77,-80,-69,-71,-76,-76,2
-77,-80,-66,-71,-85,-77,2
-80,-84,-68,-72,-84,-66,2
-76,-78,-69,-72,-86,-66,2
-74,-85,-66,-69,-70,-100,2
-73,-77,-73,-69,-71,-69,2
-73,-75,-70,-69,-71,-68,2
-74,-80,-76,-72,-86,-70,2
-70,-85,-74,-69,-87,-72,2
-71,-70,-78,-69,-95,-76,2
-70,-80,-74,-69,-73,-76,2
-70,-76,-76,-64,-74,-75,2
-76,-87,-72,-63,-74,-70,2
-73,-76,-70,-64,-71,-69,2
-73,-77,-73,-100,-70,-81,2
-74,-81,-71,-76,-70,-78,2
-74,-74,-76,-74,-74,-78,2
-69,-75,-76,-73,-74,-101,2
-69,-85,-76,-70,-73,-66,2
-69,-71,-76,-70,-70,-66,2
-70,-86,-84,-70,-70,-66,2
-68,-72,-76,-72,-89,-68,2
-70,-78,-84,-72,-90,-68,2
-71,-74,-76,-73,-73,-69,2
-70,-80,-79,-70,-74,-68,2
-69,-73,-75,-70,-76,-67,2
-68,-81,-78,-69,-78,-66,2
-70,-73,-76,-70,-80,-100,2
-70,-72,-72,-69,-71,-68,2
-78,-79,-73,-71,-73,-68,2
-76,-71,-71,-70,-80,-80,2
-76,-77,-74,-72,-72,-82,2
-71,-70,-71,-70,-73,-79,2
-71,-78,-74,-69,-73,-66,2
-72,-71,-71,-70,-78,-66,2
-70,-77,-74,-72,-80,-67,2
-72,-69,-65,-72,-71,-65,2
-75,-80,-68,-100,-73,-66,2
-74,-72,-66,-68,-80,-71,2
-74,-81,-70,-70,-72,-71,2
-76,-74,-67,-69,-73,-71,2
-70,-82,-69,-68,-73,-74,2
-69,-73,-66,-80,-73,-72,2
-70,-80,-72,-75,-71,-72,2
-72,-72,-75,-71,-74,-68,2
-74,-72,-71,-69,-82,-70,2
-75,-74,-71,-75,-77,-69,2
-76,-82,-75,-67,-80,-68,2
-72,-77,-76,-100,-75,-80,2
-71,-83,-66,-68,-70,-75,2
-70,-74,-68,-70,-78,-71,2
-71,-81,-70,-70,-76,-69,2
-75,-74,-67,-69,-67,-75,2
-76,-81,-70,-66,-70,-67,2
-74,-74,-67,-99,-75,-71,2
-74,-80,-70,-65,-75,-69,2
-82,-76,-73,-72,-70,-79,3
-87,-72,-62,-74,-72,-78,3
-67,-77,-69,-73,-83,-70,3
-67,-67,-63,-73,-81,-70,3
-64,-73,-66,-71,-79,-70,3
-66,-66,-62,-73,-70,-72,3
-70,-72,-74,-71,-68,-71,3
-70,-63,-71,-74,-67,-73,3
-70,-75,-73,-77,-78,-72,3
-70,-66,-68,-76,-79,-71,3
-74,-72,-70,-69,-80,-85,3
-72,-68,-74,-71,-69,-88,3
-71,-81,-70,-100,-68,-88,3
-72,-81,-73,-65,-69,-67,3
-78,-83,-70,-70,-68,-67,3
-74,-77,-68,-70,-69,-67,3
-73,-82,-63,-79,-78,-84,3
-71,-74,-67,-82,-78,-93,3
-96,-85,-65,-80,-77,-90,3
-92,-77,-73,-70,-68,-68,3
-69,-71,-77,-70,-68,-69,3
-69,-64,-76,-71,-68,-75,3
-69,-70,-78,-83,-78,-76,3
-69,-62,-76,-82,-77,-78,3
-79,-70,-79,-81,-79,-86,3
-82,-70,-75,-67,-68,-85,3
-67,-63,-78,-67,-69,-73,3
-66,-86,-62,-67,-69,-71,3
-68,-83,-66,-68,-80,-74,3
-70,-70,-64,-72,-70,-77,3
-70,-67,-69,-79,-76,-81,3
-71,-73,-68,-73,-75,-70,3
-77,-68,-71,-75,-73,-71,3
-79,-76,-64,-72,-70,-73,3
-74,-73,-70,-75,-71,-71,3
-75,-80,-65,-74,-69,-73,3
-78,-73,-69,-73,-74,-70,3
-82,-82,-64,-77,-72,-77,3
-76,-75,-66,-74,-73,-79,3
-71,-82,-68,-79,-76,-78,3
-82,-84,-69,-72,-80,-83,3
-82,-72,-69,-74,-81,-82,3
-81,-79,-65,-70,-74,-80,3
-79,-72,-68,-69,-87,-76,3
-75,-79,-65,-70,-68,-84,3
-83,-71,-68,-73,-68,-84,3
-76,-79,-65,-72,-69,-70,3
-85,-72,-68,-74,-71,-70,3
-77,-79,-67,-69,-69,-70,3
-72,-69,-63,-69,-69,-71,3
-73,-77,-67,-69,-70,-76,3
-81,-70,-62,-73,-68,-70,3
-69,-69,-66,-73,-67,-71,3
-78,-77,-62,-73,-68,-73,3
-71,-69,-66,-73,-69,-69,3
-69,-77,-68,-73,-91,-82,3
-74,-74,-64,-69,-88,-85,3
-74,-81,-67,-69,-69,-69,3
-76,-74,-66,-74,-70,-70,3
-80,-81,-63,-76,-84,-93,3
-85,-74,-77,-72,-86,-68,3
-92,-82,-79,-74,-79,-68,3
-92,-74,-77,-68,-79,-71,3
-71,-68,-74,-69,-73,-72,3
-72,-73,-78,-71,-78,-80,3
-72,-78,-80,-77,-79,-82,3
-91,-72,-85,-76,-72,-73,3
-89,-78,-80,-71,-75,-73,3
-87,-77,-66,-71,-78,-82,3
-67,-82,-68,-79,-74,-80,3
-68,-71,-66,-80,-78,-80,3
-69,-80,-71,-79,-79,-68,3
-68,-86,-69,-78,-78,-68,3
-83,-77,-66,-100,-70,-68,3
-78,-66,-63,-68,-69,-88,3
-81,-76,-70,-68,-70,-67,3
-68,-71,-68,-66,-69,-67,3
-67,-82,-78,-71,-70,-67,3
-71,-68,-75,-72,-70,-84,3
-73,-84,-71,-68,-70,-93,3
-76,-75,-80,-67,-72,-90,3
-73,-77,-66,-67,-71,-68,3
-80,-80,-72,-72,-71,-69,3
-71,-82,-72,-72,-75,-72,3
-74,-71,-70,-72,-75,-74,3
-70,-74,-69,-81,-74,-70,3
-70,-68,-64,-80,-70,-69,3
-69,-77,-67,-73,-72,-70,3
-70,-70,-75,-75,-73,-73,3
-80,-76,-68,-72,-81,-72,3
-81,-69,-63,-75,-79,-74,3
-80,-75,-60,-74,-70,-69,3
-81,-71,-63,-73,-68,-69,3
-70,-64,-61,-77,-67,-69,3
-70,-71,-64,-74,-78,-73,3
-70,-67,-69,-79,-79,-87,3
-80,-74,-67,-72,-80,-83,3
-91,-67,-82,-74,-69,-90,3
-91,-75,-81,-70,-72,-77,3
-90,-67,-60,-69,-73,-72,3
-83,-68,-83,-95,-79,-86,4
-74,-73,-78,-70,-72,-87,4
-80,-66,-78,-78,-73,-76,4
-86,-70,-68,-74,-71,-71,4
-82,-69,-61,-76,-79,-73,4
-84,-94,-63,-81,-80,-71,4
-76,-66,-80,-81,-77,-74,4
-73,-79,-72,-74,-88,-67,4
-77,-62,-76,-74,-78,-68,4
-74,-70,-71,-76,-72,-82,4
-68,-61,-72,-77,-72,-73,4
-70,-70,-77,-72,-74,-69,4
-77,-60,-66,-82,-69,-66,4
-76,-64,-69,-84,-68,-68,4
-79,-69,-68,-83,-67,-72,4
-78,-60,-69,-83,-78,-70,4
-90,-63,-63,-84,-78,-72,4
-84,-70,-64,-82,-71,-72,4
-91,-66,-63,-78,-82,-80,4
-78,-70,-58,-76,-81,-68,4
-86,-70,-63,-80,-71,-79,4
-86,-73,-60,-76,-77,-79,4
-76,-70,-64,-76,-87,-70,4
-84,-61,-67,-80,-72,-67,4
-90,-70,-64,-79,-68,-77,4
-92,-70,-68,-73,-74,-73,4
-78,-68,-63,-77,-68,-69,4
-74,-69,-66,-80,-75,-67,4
-82,-57,-64,-82,-78,-71,4
-85,-69,-61,-74,-73,-80,4
-83,-63,-66,-76,-83,-82,4
-81,-69,-76,-79,-76,-69,4
-75,-62,-83,-97,-75,-71,4
-77,-73,-77,-82,-70,-67,4
-78,-63,-74,-100,-76,-80,4
-83,-73,-78,-80,-76,-82,4
-84,-70,-67,-78,-78,-77,4
-87,-69,-70,-78,-79,-69,4
-73,-70,-68,-83,-68,-71,4
-84,-67,-72,-81,-69,-70,4
-88,-71,-68,-74,-78,-73,4
-86,-63,-71,-82,-80,-73,4
-82,-63,-67,-75,-81,-76,4
-84,-75,-75,-74,-79,-77,4
-81,-64,-70,-83,-84,-81,4
-81,-72,-66,-81,-84,-70,4
-79,-69,-70,-84,-73,-70,4
-80,-62,-73,-83,-72,-71,4
-79,-77,-71,-80,-75,-76,4
-77,-70,-71,-76,-70,-70,4
-77,-69,-68,-76,-76,-70,4
-95,-64,-76,-73,-74,-81,4
-76,-60,-82,-85,-72,-82,4
-79,-69,-63,-78,-70,-78,4
-79,-63,-70,-78,-77,-69,4
-78,-72,-72,-75,-68,-67,4
-80,-79,-63,-74,-71,-67,4
-75,-67,-66,-73,-69,-71,4
-80,-60,-69,-76,-76,-68,4
-79,-68,-72,-77,-76,-68,4
-80,-75,-75,-81,-77,-69,4
-82,-63,-62,-82,-76,-68,4
-72,-67,-65,-80,-78,-69,4
-77,-80,-73,-78,-77,-68,4
-71,-65,-77,-77,-75,-96,4
-79,-63,-76,-78,-73,-91,4
-81,-66,-76,-85,-76,-69,4
-79,-60,-66,-86,-82,-69,4
-76,-66,-68,-82,-79,-87,4
-93,-57,-64,-87,-72,-66,4
-85,-65,-66,-84,-73,-68,4
-78,-57,-62,-86,-71,-72,4
-81,-67,-68,-80,-79,-70,4
-82,-59,-78,-82,-80,-72,4
-78,-66,-76,-83,-77,-72,4
-86,-67,-68,-83,-88,-80,4
-78,-76,-71,-77,-78,-68,4
-77,-64,-70,-80,-72,-79,4
-77,-65,-75,-82,-74,-70,4
-76,-72,-72,-88,-74,-67,4
-80,-74,-67,-87,-77,-77,4
-81,-64,-70,-86,-75,-73,4
-84,-75,-70,-89,-74,-69,4
-82,-65,-71,-95,-70,-67,4
-83,-71,-68,-70,-68,-71,4
-81,-64,-70,-78,-66,-72,4
-81,-56,-66,-74,-66,-79,4
-85,-74,-68,-76,-73,-67,4
-85,-60,-72,-81,-76,-60,4
-94,-73,-74,-81,-76,-68,4
-86,-70,-67,-74,-70,-75,4
-88,-58,-67,-74,-69,-63,4
-83,-78,-74,-76,-83,-67,4
-74,-70,-71,-77,-80,-80,4
-80,-73,-67,-72,-76,-87,4
-86,-66,-70,-82,-76,-73,4
-82,-72,-68,-84,-73,-69,4
-84,-80,-71,-83,-85,-67,4
-76,-60,-74,-83,-78,-71,4
-73,-67,-71,-85,-74,-71,4
-81,-61,-65,-81,-75,-78,5
-77,-71,-68,-93,-77,-79,5
-79,-60,-62,-82,-73,-71,5
-80,-70,-66,-84,-76,-71,5
-82,-68,-71,-90,-73,-73,5
-80,-74,-66,-86,-76,-73,5
-82,-64,-64,-84,-72,-68,5
-83,-71,-66,-85,-70,-74,5
-86,-60,-63,-96,-87,-69,5
-76,-69,-66,-97,-70,-76,5
-78,-63,-62,-78,-76,-76,5
-84,-69,-65,-89,-71,-68,5
-82,-70,-61,-85,-81,-68,5
-94,-62,-65,-82,-74,-98,5
-77,-73,-70,-80,-70,-65,5
-87,-70,-68,-83,-74,-98,5
-80,-63,-66,-80,-72,-64,5
-80,-69,-60,-79,-69,-97,5
-76,-58,-56,-81,-74,-65,5
-73,-66,-71,-80,-74,-76,5
-77,-56,-66,-76,-77,-70,5
-78,-64,-63,-80,-73,-66,5
-79,-70,-67,-78,-81,-65,5
-79,-63,-66,-82,-83,-69,5
-77,-66,-70,-82,-77,-70,5
-74,-59,-62,-80,-78,-71,5
-75,-68,-60,-78,-72,-68,5
-75,-62,-56,-82,-69,-68,5
-75,-60,-71,-84,-70,-65,5
-74,-67,-68,-86,-73,-98,5
-75,-57,-60,-86,-75,-97,5
-75,-64,-56,-89,-79,-65,5
-75,-70,-67,-86,-81,-99,5
-74,-63,-63,-85,-72,-65,5
-73,-56,-67,-88,-76,-67,5
-72,-66,-63,-89,-73,-66,5
-76,-58,-60,-92,-73,-66,5
-75,-66,-69,-86,-76,-65,5
-77,-59,-65,-87,-75,-101,5
-80,-68,-65,-89,-74,-65,5
-83,-60,-71,-86,-73,-99,5
-84,-68,-66,-84,-72,-65,5
-83,-73,-68,-84,-72,-76,5
-83,-71,-61,-83,-71,-76,5
-81,-67,-64,-81,-73,-76,5
-78,-74,-64,-76,-73,-67,5
-81,-79,-70,-80,-72,-67,5
-79,-74,-64,-88,-76,-67,5
-80,-64,-65,-91,-79,-68,5
-83,-62,-60,-84,-76,-75,5
-83,-72,-59,-77,-73,-75,5
-85,-65,-62,-87,-73,-74,5
-83,-71,-62,-82,-71,-68,5
-84,-71,-60,-82,-72,-68,5
-79,-62,-62,-82,-69,-68,5
-80,-71,-58,-81,-83,-66,5
-79,-66,-66,-80,-83,-66,5
-86,-59,-62,-79,-72,-65,5
-82,-66,-66,-82,-72,-76,5
-83,-66,-65,-81,-72,-74,5
-85,-60,-68,-78,-69,-76,5
-85,-70,-63,-81,-69,-67,5
-88,-73,-65,-81,-69,-63,5
-87,-80,-62,-81,-72,-96,5
-85,-71,-63,-80,-72,-65,5
-76,-82,-62,-82,-72,-70,5
-75,-69,-61,-96,-68,-70,5
-78,-63,-64,-83,-68,-67,5
-80,-72,-62,-83,-78,-68,5
-82,-64,-68,-82,-78,-67,5
-82,-73,-62,-81,-75,-64,5
-74,-66,-62,-78,-75,-64,5
-79,-71,-68,-90,-74,-98,5
-73,-62,-65,-80,-82,-64,5
-71,-69,-68,-82,-79,-100,5
-76,-63,-64,-83,-80,-102,5
-76,-76,-66,-81,-74,-67,5
-76,-67,-64,-80,-73,-67,5
-76,-63,-67,-78,-75,-67,5
-69,-67,-69,-80,-77,-64,5
-69,-62,-65,-77,-73,-64,5
-69,-67,-69,-76,-76,-69,5
-68,-69,-67,-91,-73,-71,5
-72,-63,-72,-82,-76,-71,5
-72,-69,-66,-81,-72,-71,5
-71,-62,-62,-80,-70,-70,5
-72,-68,-64,-83,-87,-69,5
-69,-60,-62,-80,-78,-69,5
-69,-68,-65,-76,-75,-73,5
-69,-61,-66,-81,-74,-78,5
-72,-66,-68,-93,-73,-79,5
-73,-59,-66,-82,-76,-71,5
-80,-69,-70,-84,-77,-71,5
-80,-60,-66,-90,-81,-73,5
-80,-69,-66,-86,-76,-73,5
-81,-60,-69,-84,-78,-68,5
-74,-67,-66,-85,-74,-74,5
-73,-60,-69,-96,-75,-69,5
-73,-69,-66,-89,-77,-76,5
-73,-61,-69,-85,-74,-73,5
-92,-82,-68,-90,-75,-66,6
-90,-72,-59,-87,-75,-68,6
-79,-80,-65,-80,-77,-77,6
-79,-72,-62,-81,-74,-75,6
-80,-80,-66,-78,-75,-74,6
-83,-73,-62,-78,-67,-70,6
-79,-82,-56,-81,-67,-68,6
-84,-72,-59,-85,-77,-66,6
-85,-80,-56,-85,-67,-66,6
-87,-70,-58,-80,-67,-68,6
-83,-77,-56,-78,-66,-70,6
-82,-72,-59,-82,-100,-73,6
-85,-87,-58,-83,-68,-78,6
-84,-75,-66,-88,-76,-67,6
-81,-74,-63,-85,-77,-68,6
-77,-70,-62,-85,-75,-64,6
-85,-80,-64,-84,-80,-64,6
-76,-74,-61,-78,-77,-67,6
-75,-79,-64,-84,-81,-67,6
-74,-70,-64,-82,-80,-78,6
-76,-73,-60,-84,-82,-67,6
-88,-83,-62,-82,-74,-101,6
-81,-68,-65,-82,-70,-61,6
-84,-76,-59,-84,-76,-97,6
-86,-73,-56,-88,-74,-67,6
-82,-83,-62,-84,-71,-93,6
-73,-80,-58,-83,-98,-104,6
-75,-77,-62,-82,-68,-66,6
-76,-67,-60,-79,-70,-101,6
-77,-75,-62,-88,-69,-66,6
-86,-76,-58,-85,-75,-100,6
-93,-69,-64,-83,-74,-65,6
-76,-71,-62,-83,-69,-101,6
-76,-74,-60,-91,-75,-66,6
-76,-70,-53,-92,-74,-64,6
-76,-77,-56,-83,-74,-99,6
-83,-68,-59,-84,-78,-98,6
-83,-75,-66,-84,-74,-98,6
-84,-69,-60,-82,-77,-64,6
-85,-77,-62,-82,-70,-100,6
-86,-71,-62,-80,-70,-98,6
-95,-69,-62,-83,-75,-64,6
-92,-73,-60,-83,-74,-98,6
-87,-68,-62,-84,-70,-64,6
-87,-76,-59,-78,-71,-98,6
-88,-67,-64,-82,-78,-96,6
-92,-75,-67,-87,-89,-64,6
-86,-66,-66,-87,-84,-96,6
-93,-75,-62,-89,-81,-63,6
-76,-66,-69,-82,-72,-97,6
-80,-73,-70,-85,-72,-95,6
-79,-80,-64,-81,-71,-64,6
-87,-78,-61,-83,-75,-98,6
-87,-72,-63,-82,-81,-63,6
-92,-75,-67,-84,-71,-96,6
-91,-69,-63,-84,-71,-96,6
-76,-83,-59,-84,-74,-67,6
-75,-67,-56,-85,-76,-103,6
-75,-72,-62,-85,-74,-64,6
-75,-66,-63,-94,-70,-98,6
-83,-72,-68,-93,-71,-97,6
-83,-67,-62,-100,-71,-63,6
-84,-72,-64,-84,-73,-98,6
-85,-78,-60,-84,-72,-64,6
-82,-66,-57,-94,-76,-97,6
-94,-74,-61,-91,-76,-67,6
-76,-68,-60,-84,-71,-67,6
-75,-77,-67,-85,-71,-67,6
-76,-64,-68,-84,-71,-64,6
-84,-71,-64,-85,-74,-62,6
-82,-64,-59,-83,-78,-98,6
-82,-73,-56,-88,-80,-63,6
-86,-65,-57,-96,-71,-96,6
-91,-72,-58,-89,-71,-64,6
-74,-66,-62,-85,-70,-101,6
-75,-77,-58,-81,-76,-97,6
-76,-78,-62,-85,-77,-65,6
-83,-73,-59,-85,-78,-103,6
-84,-76,-62,-80,-86,-63,6
-84,-88,-61,-78,-84,-100,6
-91,-78,-63,-82,-83,-96,6
-92,-84,-56,-83,-84,-63,6
-87,-69,-58,-88,-80,-97,6
-84,-78,-57,-85,-77,-63,6
-83,-69,-61,-85,-81,-67,6
-86,-78,-57,-84,-80,-64,6
-86,-71,-60,-78,-82,-62,6
-91,-78,-55,-84,-74,-65,6
-87,-71,-59,-82,-83,-66,6
-82,-77,-56,-82,-85,-66,6
-80,-65,-68,-81,-83,-64,6
-82,-73,-75,-84,-86,-100,6
-88,-66,-66,-84,-88,-64,6
-88,-71,-66,-94,-78,-67,6
-86,-66,-67,-91,-80,-67,6
-83,-67,-72,-84,-84,-100,6
-80,-78,-72,-85,-82,-97,6
-83,-71,-64,-84,-80,-64,6
-79,-78,-61,-85,-74,-96,6
-84,-71,-62,-83,-77,-64,6
-85,-77,-63,-94,-88,-80,7
-94,-70,-56,-95,-76,-95,7
-92,-76,-58,-83,-76,-62,7
-94,-70,-56,-86,-82,-96,7
-90,-77,-58,-83,-78,-62,7
-90,-70,-57,-85,-81,-96,7
-84,-77,-59,-85,-84,-96,7
-82,-69,-56,-81,-83,-67,7
-82,-76,-58,-82,-84,-68,7
-84,-76,-64,-80,-74,-67,7
-99,-84,-62,-82,-74,-68,7
-91,-76,-64,-81,-73,-68,7
-80,-87,-61,-87,-85,-68,7
-80,-92,-65,-81,-82,-62,7
-80,-90,-61,-80,-83,-62,7
-86,-84,-64,-81,-72,-96,7
-86,-89,-60,-80,-73,-98,7
-88,-71,-63,-88,-73,-62,7
-92,-77,-60,-87,-81,-96,7
-91,-67,-62,-87,-82,-68,7
-94,-75,-60,-86,-82,-67,7
-92,-69,-64,-85,-81,-67,7
-82,-76,-60,-84,-83,-62,7
-81,-69,-63,-87,-85,-96,7
-82,-76,-56,-88,-83,-62,7
-82,-70,-60,-92,-86,-96,7
-91,-77,-57,-86,-88,-62,7
-88,-70,-59,-83,-78,-96,7
-84,-77,-56,-83,-80,-66,7
-84,-77,-60,-82,-81,-66,7
-82,-70,-56,-84,-85,-66,7
-83,-77,-60,-84,-76,-100,7
-96,-67,-61,-84,-75,-68,7
-95,-74,-58,-83,-79,-68,7
-90,-67,-62,-84,-81,-68,7
-89,-75,-59,-83,-78,-66,7
-89,-67,-62,-82,-73,-65,7
-96,-67,-59,-91,-73,-66,7
-93,-76,-62,-85,-78,-67,7
-94,-69,-60,-87,-78,-68,7
-89,-78,-57,-94,-79,-68,7
-89,-71,-60,-78,-79,-98,7
-88,-77,-57,-80,-86,-62,7
-89,-71,-60,-81,-85,-97,7
-82,-77,-57,-83,-72,-63,7
-80,-70,-57,-85,-74,-96,7
-79,-77,-68,-79,-80,-97,7
-82,-70,-65,-92,-80,-67,7
-89,-82,-69,-84,-85,-67,7
-82,-74,-64,-82,-80,-100,7
-78,-81,-68,-83,-80,-98,7
-78,-74,-64,-90,-78,-62,7
-86,-82,-68,-88,-77,-63,7
-87,-74,-65,-79,-78,-98,7
-84,-82,-61,-83,-90,-96,7
-91,-74,-58,-85,-76,-63,7
-92,-75,-62,-84,-76,-97,7
-85,-68,-59,-81,-82,-68,7
-86,-76,-62,-82,-85,-68,7
-83,-68,-59,-87,-87,-69,7
-96,-75,-62,-85,-76,-68,7
-98,-68,-63,-84,-78,-67,7
-90,-75,-64,-84,-74,-98,7
-94,-69,-67,-84,-83,-64,7
-92,-84,-62,-86,-84,-63,7
-94,-76,-65,-89,-77,-98,7
-90,-83,-62,-85,-84,-97,7
-86,-77,-64,-84,-83,-63,7
-86,-84,-64,-85,-80,-98,7
-87,-75,-57,-88,-80,-69,7
-87,-82,-61,-78,-82,-68,7
-89,-77,-59,-81,-84,-68,7
-90,-78,-62,-82,-80,-69,7
-87,-69,-62,-96,-80,-97,7
-87,-76,-60,-86,-74,-64,7
-87,-70,-62,-80,-76,-97,7
-86,-76,-56,-80,-80,-64,7
-89,-68,-60,-83,-77,-97,7
-86,-75,-56,-88,-76,-64,7
-85,-68,-59,-86,-78,-69,7
-86,-75,-57,-87,-82,-69,7
-95,-70,-60,-87,-83,-69,7
-89,-76,-57,-86,-77,-69,7
-86,-69,-60,-82,-77,-70,7
-90,-76,-67,-87,-78,-70,7
-85,-69,-66,-84,-79,-70,7
-85,-76,-66,-86,-79,-70,7
-85,-77,-69,-88,-83,-71,7
-88,-85,-65,-86,-78,-69,7
-88,-77,-68,-86,-81,-70,7
-92,-84,-65,-80,-82,-63,7
-89,-76,-67,-85,-83,-61,7
-90,-83,-65,-84,-78,-97,7
-87,-70,-60,-95,-76,-63,7
-87,-78,-57,-83,-77,-70,7
-87,-70,-60,-86,-72,-70,7
-81,-77,-57,-83,-73,-69,7
-89,-70,-61,-85,-85,-62,7
-89,-70,-57,-85,-76,-97,7
-89,-77,-60,-81,-75,-63,7
-70,-83,-76,-97,-91,-82,8
-70,-100,-74,-63,-77,-74,8
-69,-85,-87,-98,-76,-74,8
-68,-84,-83,-92,-81,-73,8
-72,-75,-88,-92,-82,-86,8
-72,-83,-83,-57,-84,-91,8
-72,-75,-84,-91,-84,-85,8
-72,-77,-79,-90,-82,-92,8
-72,-85,-81,-56,-80,-82,8
-74,-78,-78,-90,-78,-81,8
-74,-87,-81,-62,-80,-79,8
-67,-74,-78,-97,-83,-74,8
-68,-76,-84,-62,-85,-84,8
-67,-84,-80,-97,-84,-85,8
-69,-74,-86,-61,-77,-74,8
-68,-80,-86,-96,-85,-75,8
-70,-72,-83,-96,-82,-74,8
-68,-71,-79,-57,-84,-88,8
-68,-78,-84,-91,-80,-93,8
-68,-71,-80,-93,-76,-87,8
-66,-72,-76,-57,-78,-80,8
-64,-79,-79,-93,-82,-80,8
-66,-71,-75,-91,-82,-94,8
-68,-75,-79,-57,-80,-96,8
-70,-71,-76,-91,-79,-80,8
-68,-81,-80,-91,-77,-80,8
-70,-74,-77,-59,-78,-80,8
-76,-82,-79,-92,-80,-78,8
-83,-76,-80,-93,-77,-81,8
-80,-81,-76,-60,-74,-81,8
-82,-75,-80,-93,-91,-97,8
-72,-81,-80,-58,-85,-84,8
-72,-75,-84,-92,-89,-85,8
-72,-72,-79,-93,-82,-90,8
-81,-77,-76,-93,-83,-82,8
-81,-72,-76,-58,-78,-95,8
-80,-80,-81,-92,-91,-84,8
-79,-73,-78,-92,-88,-78,8
-68,-81,-78,-57,-79,-84,8
-69,-75,-73,-90,-75,-82,8
-69,-97,-77,-91,-79,-74,8
-72,-79,-73,-91,-84,-77,8
-72,-88,-78,-57,-84,-77,8
-72,-87,-75,-90,-80,-77,8
-68,-85,-76,-94,-90,-86,8
-80,-90,-72,-59,-85,-82,8
-77,-96,-76,-95,-80,-87,8
-73,-87,-73,-62,-80,-74,8
-76,-92,-76,-96,-84,-80,8
-75,-84,-77,-96,-77,-86,8
-80,-93,-81,-62,-78,-83,8
-74,-92,-77,-98,-76,-74,8
-77,-94,-80,-96,-77,-76,8
-73,-70,-78,-62,-78,-84,8
-75,-77,-81,-90,-78,-88,8
-71,-69,-78,-92,-77,-89,8
-82,-76,-81,-56,-74,-78,8
-69,-69,-76,-90,-80,-78,8
-67,-77,-80,-88,-82,-78,8
-66,-69,-77,-55,-88,-81,8
-81,-76,-79,-89,-80,-82,8
-86,-80,-77,-90,-78,-78,8
-66,-89,-76,-97,-82,-78,8
-66,-78,-80,-63,-88,-78,8
-66,-85,-80,-99,-84,-83,8
-70,-80,-81,-96,-86,-81,8
-67,-86,-81,-96,-85,-81,8
-74,-78,-86,-62,-81,-82,8
-73,-85,-82,-96,-81,-81,8
-74,-70,-86,-56,-74,-77,8
-72,-76,-86,-91,-80,-77,8
-69,-70,-86,-90,-80,-77,8
-70,-77,-78,-56,-80,-80,8
-70,-70,-75,-91,-79,-80,8
-82,-77,-79,-91,-79,-79,8
-76,-70,-76,-56,-82,-74,8
-68,-76,-79,-91,-83,-75,8
-66,-76,-77,-58,-82,-82,8
-66,-83,-79,-93,-85,-78,8
-66,-76,-76,-58,-81,-76,8
-72,-83,-76,-92,-78,-79,8
-73,-76,-73,-58,-79,-87,8
-73,-82,-76,-92,-80,-82,8
-74,-76,-73,-92,-81,-80,8
-67,-75,-76,-97,-80,-81,8
-66,-84,-73,-62,-75,-74,8
-66,-90,-76,-96,-76,-73,8
-66,-88,-73,-97,-76,-80,8
-66,-82,-86,-63,-78,-84,8
-70,-74,-84,-74,-76,-82,8
-70,-82,-86,-96,-75,-87,8
-70,-80,-84,-61,-81,-84,8
-70,-88,-86,-96,-80,-82,8
-75,-90,-78,-98,-80,-81,8
-73,-88,-79,-70,-84,-79,8
-73,-76,-80,-64,-77,-74,8
-76,-76,-75,-73,-78,-84,8
-69,-84,-76,-63,-76,-85,8
-69,-83,-75,-96,-77,-74,8
-69,-88,-82,-96,-80,-84,8
-67,-74,-76,-68,-72,-85,9
-67,-82,-80,-67,-72,-85,9
-66,-75,-76,-64,-73,-82,9
-67,-83,-77,-99,-70,-84,9
-66,-75,-75,-65,-78,-81,9
-69,-82,-78,-101,-76,-78,9
-63,-74,-76,-61,-76,-80,9
-69,-79,-77,-96,-69,-78,9
-69,-85,-77,-96,-70,-78,9
-69,-78,-80,-70,-70,-79,9
-69,-84,-77,-74,-69,-76,9
-66,-80,-76,-72,-75,-76,9
-67,-85,-73,-72,-73,-77,9
-66,-77,-77,-69,-77,-82,9
-67,-86,-76,-71,-70,-76,9
-65,-77,-80,-98,-67,-80,9
-66,-84,-74,-63,-67,-82,9
-67,-75,-77,-97,-77,-78,9
-66,-83,-74,-64,-77,-78,9
-63,-76,-78,-99,-74,-82,9
-63,-84,-75,-99,-73,-84,9
-67,-77,-78,-70,-73,-83,9
-65,-84,-68,-100,-76,-85,9
-65,-74,-72,-65,-76,-76,9
-65,-80,-69,-72,-77,-78,9
-65,-74,-68,-73,-75,-79,9
-67,-75,-71,-61,-75,-76,9
-68,-80,-68,-95,-77,-77,9
-66,-74,-68,-62,-68,-74,9
-64,-80,-77,-97,-68,-74,9
-65,-77,-74,-96,-67,-76,9
-63,-83,-73,-67,-75,-80,9
-66,-78,-77,-66,-77,-75,9
-68,-81,-74,-66,-74,-74,9
-71,-88,-78,-70,-73,-73,9
-71,-80,-79,-67,-73,-76,9
-67,-84,-73,-60,-84,-77,9
-65,-87,-69,-71,-81,-78,9
-68,-82,-73,-85,-77,-83,9
-68,-71,-69,-74,-73,-79,9
-66,-76,-73,-60,-71,-78,9
-65,-69,-70,-93,-67,-75,9
-65,-77,-73,-60,-70,-75,9
-70,-70,-79,-93,-70,-74,9
-69,-88,-75,-94,-71,-74,9
-68,-78,-77,-58,-73,-76,9
-67,-86,-74,-93,-71,-76,9
-64,-80,-74,-97,-73,-74,9
-64,-86,-77,-62,-75,-74,9
-64,-80,-74,-99,-74,-74,9
-63,-86,-80,-62,-74,-74,9
-68,-79,-77,-77,-73,-74,9
-67,-82,-80,-69,-69,-76,9
-68,-75,-78,-67,-73,-76,9
-69,-81,-82,-68,-73,-77,9
-69,-81,-78,-67,-69,-76,9
-62,-74,-78,-71,-71,-76,9
-63,-82,-77,-72,-72,-77,9
-68,-74,-70,-70,-72,-76,9
-66,-76,-73,-96,-76,-74,9
-63,-76,-72,-64,-70,-73,9
-69,-70,-70,-100,-70,-72,9
-68,-78,-72,-60,-69,-77,9
-67,-70,-76,-96,-73,-78,9
-64,-80,-80,-98,-73,-78,9
-63,-77,-77,-68,-72,-84,9
-63,-75,-82,-65,-70,-81,9
-66,-83,-79,-64,-71,-85,9
-67,-78,-83,-97,-71,-84,9
-67,-84,-78,-66,-69,-77,9
-67,-75,-78,-67,-72,-89,9
-67,-82,-69,-66,-71,-89,9
-64,-78,-72,-103,-73,-94,9
-64,-84,-69,-66,-78,-84,9
-66,-73,-72,-67,-76,-84,9
-66,-83,-69,-69,-68,-73,9
-66,-90,-73,-69,-68,-74,9
-66,-78,-76,-68,-80,-74,9
-68,-85,-77,-63,-74,-75,9
-73,-88,-73,-97,-75,-71,9
-72,-80,-76,-97,-75,-70,9
-69,-87,-76,-64,-75,-72,9
-63,-79,-74,-65,-76,-74,9
-64,-82,-77,-98,-76,-81,9
-63,-80,-80,-64,-74,-76,9
-67,-73,-83,-64,-75,-71,9
-66,-83,-75,-64,-75,-72,9
-67,-75,-80,-100,-77,-70,9
-65,-82,-80,-66,-74,-74,9
-63,-75,-77,-66,-73,-75,9
-63,-82,-80,-64,-73,-76,9
-64,-74,-77,-99,-84,-77,9
-67,-83,-86,-97,-81,-81,9
-68,-75,-90,-66,-77,-78,9
-67,-82,-85,-67,-73,-80,9
-67,-75,-86,-64,-71,-78,9
-66,-76,-86,-97,-67,-78,9
-66,-82,-84,-63,-70,-79,9
-65,-75,-82,-61,-70,-76,9
-68,-83,-80,-70,-75,-77,9
-75,-83,-73,-68,-74,-72,10
-68,-67,-76,-68,-83,-76,10
-68,-77,-78,-77,-84,-81,10
-68,-70,-77,-80,-72,-69,10
-67,-78,-78,-68,-71,-68,10
-67,-71,-76,-68,-72,-89,10
-68,-79,-78,-77,-82,-92,10
-68,-80,-74,-77,-81,-99,10
-68,-81,-76,-79,-71,-73,10
-69,-88,-74,-74,-70,-70,10
-68,-81,-77,-74,-72,-67,10
-68,-89,-74,-74,-70,-65,10
-72,-80,-77,-73,-80,-102,10
-72,-87,-75,-76,-74,-66,10
-66,-78,-77,-84,-67,-67,10
-67,-85,-79,-93,-81,-67,10
-68,-72,-75,-76,-84,-65,10
-69,-80,-76,-70,-71,-64,10
-83,-72,-79,-79,-79,-66,10
-86,-73,-75,-82,-77,-85,10
-73,-80,-80,-81,-74,-83,10
-67,-73,-77,-79,-68,-85,10
-76,-80,-81,-72,-68,-75,10
-68,-87,-77,-71,-68,-73,10
-74,-95,-80,-69,-80,-76,10
-75,-85,-78,-76,-80,-80,10
-74,-92,-82,-74,-77,-90,10
-68,-82,-78,-80,-70,-80,10
-69,-89,-75,-73,-69,-74,10
-72,-85,-71,-77,-74,-76,10
-70,-89,-72,-71,-80,-78,10
-69,-93,-69,-74,-82,-74,10
-71,-92,-71,-71,-79,-64,10
-70,-94,-72,-70,-72,-65,10
-71,-88,-69,-70,-72,-98,10
-69,-80,-73,-87,-80,-64,10
-68,-85,-71,-85,-69,-97,10
-64,-77,-72,-69,-69,-84,10
-72,-83,-74,-72,-75,-86,10
-70,-82,-71,-70,-76,-65,10
-71,-76,-74,-82,-69,-100,10
-71,-82,-70,-70,-75,-100,10
-70,-75,-73,-74,-69,-80,10
-69,-82,-70,-69,-74,-76,10
-70,-74,-73,-73,-78,-80,10
-69,-81,-69,-80,-77,-72,10
-70,-86,-71,-84,-69,-74,10
-70,-94,-71,-71,-69,-71,10
-69,-82,-74,-72,-69,-74,10
-70,-86,-72,-69,-69,-76,10
-70,-85,-72,-81,-70,-70,10
-68,-86,-69,-89,-69,-66,10
-80,-93,-82,-85,-69,-68,10
-86,-85,-78,-66,-70,-68,10
-82,-76,-81,-67,-70,-78,10
-84,-80,-77,-68,-70,-76,10
-65,-76,-80,-75,-83,-81,10
-66,-81,-75,-76,-81,-71,10
-67,-86,-77,-69,-82,-98,10
-69,-89,-78,-67,-69,-68,10
-67,-80,-80,-101,-69,-100,10
-67,-87,-79,-71,-69,-67,10
-71,-82,-80,-72,-82,-80,10
-70,-84,-84,-70,-81,-80,10
-66,-82,-77,-70,-77,-82,10
-66,-73,-91,-68,-82,-84,10
-66,-80,-82,-67,-79,-86,10
-68,-73,-74,-71,-77,-82,10
-72,-80,-77,-71,-76,-66,10
-73,-73,-78,-88,-73,-66,10
-71,-80,-79,-92,-74,-82,10
-68,-73,-75,-96,-68,-85,10
-68,-80,-79,-68,-66,-87,10
-77,-79,-80,-69,-73,-67,10
-76,-84,-73,-70,-69,-66,10
-76,-81,-77,-68,-76,-69,10
-76,-75,-75,-76,-75,-81,10
-74,-73,-78,-74,-66,-82,10
-75,-82,-79,-76,-65,-75,10
-69,-89,-83,-66,-66,-81,10
-69,-82,-84,-68,-82,-82,10
-77,-88,-84,-68,-84,-76,10
-74,-87,-82,-77,-85,-69,10
-74,-80,-85,-80,-81,-68,10
-74,-82,-82,-68,-71,-100,10
-68,-88,-84,-69,-70,-72,10
-68,-80,-74,-77,-72,-75,10
-68,-86,-72,-77,-70,-77,10
-68,-83,-76,-79,-80,-100,10
-71,-76,-72,-74,-74,-80,10
-71,-85,-74,-70,-77,-76,10
-71,-74,-71,-70,-78,-80,10
-74,-81,-75,-67,-78,-72,10
-75,-74,-85,-71,-72,-74,10
-70,-82,-80,-68,-83,-71,10
-70,-74,-84,-70,-78,-74,10
-69,-81,-81,-69,-79,-76,10
-71,-75,-84,-73,-80,-76,10
-71,-82,-72,-74,-77,-76,10
-73,-82,-75,-68,-73,-77,10
-71,-90,-80,-65,-80,-82,11
-68,-88,-80,-95,-83,-85,11
-68,-80,-74,-59,-82,-88,11
-68,-72,-74,-93,-83,-71,11
-68,-80,-71,-94,-82,-71,11
-86,-72,-70,-59,-84,-81,11
-83,-78,-73,-93,-85,-80,11
-89,-78,-70,-93,-79,-82,11
-88,-92,-70,-59,-85,-71,11
-84,-93,-78,-93,-80,-72,11
-84,-87,-75,-93,-82,-80,11
-83,-94,-79,-67,-84,-81,11
-68,-89,-74,-67,-85,-80,11
-68,-89,-78,-66,-79,-86,11
-69,-80,-74,-62,-77,-85,11
-84,-80,-75,-97,-84,-88,11
-84,-73,-80,-62,-84,-77,11
-82,-78,-82,-96,-84,-74,11
-82,-73,-78,-62,-76,-72,11
-68,-78,-83,-96,-69,-79,11
-68,-73,-84,-58,-92,-87,11
-68,-77,-84,-93,-82,-79,11
-68,-70,-82,-92,-80,-72,11
-86,-77,-83,-58,-93,-72,11
-78,-70,-71,-92,-91,-81,11
-80,-77,-74,-58,-76,-84,11
-79,-70,-71,-92,-73,-78,11
-62,-77,-74,-61,-72,-79,11
-73,-73,-71,-96,-73,-78,11
-76,-81,-74,-97,-73,-77,11
-74,-74,-70,-61,-84,-77,11
-74,-80,-74,-96,-83,-80,11
-80,-73,-83,-96,-74,-76,11
-72,-73,-80,-60,-74,-76,11
-72,-80,-83,-96,-71,-76,11
-75,-70,-84,-95,-80,-75,11
-73,-70,-86,-61,-80,-78,11
-76,-77,-82,-91,-80,-76,11
-67,-70,-85,-91,-80,-76,11
-69,-77,-70,-58,-89,-76,11
-67,-70,-74,-92,-72,-76,11
-69,-77,-71,-92,-77,-83,11
-75,-86,-74,-57,-79,-84,11
-75,-94,-71,-91,-80,-80,11
-75,-84,-70,-70,-78,-80,11
-76,-92,-73,-68,-79,-75,11
-72,-91,-77,-69,-77,-76,11
-73,-74,-81,-90,-79,-89,11
-72,-86,-80,-94,-76,-76,11
-73,-78,-82,-65,-75,-90,11
-73,-84,-81,-60,-81,-86,11
-74,-76,-78,-96,-76,-84,11
-75,-82,-77,-95,-78,-88,11
-77,-81,-76,-60,-76,-85,11
-78,-83,-85,-94,-79,-76,11
-70,-89,-86,-71,-76,-76,11
-68,-83,-87,-70,-76,-76,11
-68,-90,-86,-74,-77,-80,11
-74,-97,-84,-95,-80,-77,11
-79,-80,-84,-60,-80,-80,11
-80,-85,-87,-95,-80,-82,11
-78,-79,-83,-94,-77,-93,11
-78,-88,-84,-60,-75,-82,11
-77,-78,-84,-95,-71,-77,11
-75,-86,-82,-93,-76,-79,11
-79,-78,-89,-58,-81,-80,11
-80,-83,-83,-92,-77,-83,11
-84,-73,-86,-94,-82,-84,11
-83,-73,-81,-68,-78,-86,11
-81,-78,-87,-67,-75,-88,11
-73,-73,-86,-69,-82,-82,11
-65,-83,-73,-60,-76,-83,11
-64,-77,-73,-94,-73,-82,11
-68,-75,-77,-60,-76,-84,11
-65,-76,-76,-94,-80,-95,11
-81,-81,-80,-93,-78,-96,11
-68,-89,-77,-93,-83,-80,11
-68,-82,-77,-70,-77,-78,11
-84,-88,-83,-69,-71,-77,11
-69,-81,-84,-60,-71,-72,11
-69,-88,-81,-60,-72,-72,11
-69,-81,-82,-96,-76,-71,11
-65,-84,-80,-96,-75,-72,11
-66,-80,-83,-68,-73,-73,11
-66,-82,-81,-65,-72,-86,11
-66,-88,-83,-66,-74,-82,11
-75,-82,-91,-98,-75,-82,11
-76,-86,-87,-73,-80,-76,11
-70,-81,-84,-97,-82,-76,11
-67,-89,-84,-63,-74,-83,11
-66,-80,-78,-100,-75,-84,11
-72,-88,-83,-98,-79,-80,11
-73,-80,-78,-63,-77,-80,11
-70,-87,-79,-98,-84,-75,11
-70,-80,-82,-97,-84,-76,11
-69,-79,-83,-63,-78,-89,11
-68,-87,-78,-68,-83,-76,11
-70,-82,-82,-66,-77,-76,11
-69,-90,-79,-68,-71,-79,11
-66,-84,-81,-69,-75,-82,11
-65,-76,-83,-67,-68,-67,12
-66,-69,-83,-100,-67,-67,12
-67,-86,-83,-66,-68,-67,12
-67,-84,-82,-99,-68,-69,12
-68,-85,-84,-64,-102,-67,12
-64,-86,-73,-101,-66,-67,12
-64,-78,-76,-64,-69,-72,12
-66,-72,-73,-100,-72,-71,12
-64,-78,-73,-65,-76,-73,12
-67,-78,-77,-98,-69,-76,12
-68,-71,-74,-65,-69,-80,12
-69,-77,-77,-102,-66,-82,12
-71,-77,-82,-62,-65,-77,12
-69,-85,-84,-97,-65,-68,12
-65,-76,-83,-99,-69,-68,12
-66,-86,-83,-62,-70,-67,12
-66,-94,-83,-96,-66,-77,12
-68,-72,-84,-62,-66,-79,12
-69,-78,-82,-102,-67,-68,12
-70,-73,-76,-65,-100,-68,12
-68,-88,-77,-72,-69,-67,12
-66,-92,-76,-69,-70,-73,12
-66,-72,-80,-100,-72,-73,12
-64,-73,-77,-97,-70,-73,12
-64,-80,-81,-63,-70,-80,12
-68,-73,-77,-62,-70,-84,12
-68,-80,-80,-96,-72,-81,12
-68,-73,-76,-63,-74,-77,12
-69,-79,-77,-68,-83,-76,12
-68,-81,-74,-69,-70,-82,12
-67,-88,-73,-63,-71,-80,12
-68,-80,-76,-100,-71,-67,12
-68,-90,-72,-66,-67,-68,12
-69,-85,-76,-97,-100,-73,12
-71,-80,-78,-99,-66,-72,12
-71,-73,-74,-97,-67,-74,12
-70,-80,-78,-63,-67,-68,12
-67,-79,-75,-96,-77,-69,12
-68,-72,-73,-97,-76,-72,12
-68,-80,-76,-63,-74,-71,12
-67,-76,-77,-97,-68,-73,12
-69,-84,-76,-66,-70,-73,12
-69,-76,-73,-67,-68,-81,12
-69,-80,-86,-68,-70,-68,12
-69,-88,-84,-66,-71,-69,12
-66,-79,-85,-100,-76,-74,12
-67,-86,-82,-66,-70,-73,12
-66,-74,-85,-98,-71,-74,12
-65,-82,-82,-62,-74,-81,12
-70,-78,-85,-97,-68,-75,12
-69,-90,-83,-68,-70,-71,12
-69,-84,-80,-67,-70,-72,12
-69,-76,-76,-69,-70,-72,12
-68,-84,-80,-68,-71,-72,12
-68,-76,-77,-65,-71,-71,12
-69,-88,-81,-96,-69,-72,12
-70,-80,-77,-65,-69,-73,12
-66,-89,-81,-62,-69,-75,12
-72,-88,-76,-100,-75,-74,12
-65,-96,-82,-64,-75,-73,12
-68,-93,-91,-99,-73,-68,12
-64,-98,-87,-63,-64,-69,12
-64,-84,-92,-96,-98,-70,12
-64,-90,-94,-97,-96,-73,12
-73,-82,-90,-97,-64,-72,12
-72,-87,-83,-63,-100,-70,12
-76,-94,-78,-98,-64,-72,12
-68,-71,-81,-99,-68,-70,12
-68,-78,-77,-64,-68,-71,12
-68,-71,-77,-99,-68,-71,12
-68,-72,-78,-68,-66,-74,12
-70,-80,-82,-68,-68,-77,12
-66,-73,-74,-100,-67,-71,12
-66,-80,-77,-64,-68,-71,12
-66,-91,-75,-66,-67,-72,12
-65,-86,-77,-64,-68,-68,12
-69,-96,-77,-98,-68,-69,12
-69,-88,-97,-64,-69,-73,12
-70,-82,-92,-100,-68,-70,12
-70,-90,-100,-64,-66,-71,12
-67,-71,-93,-95,-72,-69,12
-67,-84,-83,-62,-77,-76,12
-66,-75,-76,-64,-80,-77,12
-69,-85,-77,-99,-79,-69,12
-69,-71,-73,-98,-76,-70,12
-70,-78,-75,-64,-82,-72,12
-71,-71,-72,-100,-88,-70,12
-70,-78,-92,-66,-69,-68,12
-70,-71,-90,-98,-69,-70,12
-73,-85,-91,-64,-70,-72,12
-69,-77,-88,-63,-67,-74,12
-70,-84,-88,-62,-69,-83,12
-70,-76,-84,-98,-79,-85,12
-69,-84,-84,-65,-68,-73,12
-69,-77,-78,-64,-69,-81,12
-69,-80,-76,-98,-70,-68,12
-67,-82,-84,-65,-71,-69,12
-66,-86,-85,-68,-74,-74,12
-66,-86,-88,-68,-68,-75,12
-70,-79,-77,-99,-70,-77,12
-80,-92,-83,-74,-74,-76,13
-81,-100,-80,-73,-74,-76,13
-80,-91,-85,-80,-68,-69,13
-71,-88,-81,-66,-68,-70,13
-72,-95,-83,-66,-68,-80,13
-81,-86,-82,-66,-73,-80,13
-81,-96,-82,-72,-72,-80,13
-81,-90,-83,-69,-75,-78,13
-76,-83,-84,-70,-75,-78,13
-73,-83,-86,-70,-76,-76,13
-73,-91,-81,-74,-77,-78,13
-74,-77,-86,-74,-78,-77,13
-74,-84,-76,-65,-78,-78,13
-72,-76,-78,-66,-75,-86,13
-72,-83,-77,-66,-70,-84,13
-72,-76,-81,-99,-71,-78,13
-73,-84,-77,-83,-70,-70,13
-82,-83,-81,-76,-70,-73,13
-80,-91,-77,-77,-71,-73,13
-79,-84,-80,-80,-77,-73,13
-81,-91,-82,-76,-75,-75,13
-71,-84,-83,-69,-77,-82,13
-76,-91,-86,-69,-76,-88,13
-76,-84,-84,-68,-79,-83,13
-76,-90,-87,-72,-77,-86,13
-76,-85,-84,-71,-77,-80,13
-75,-85,-87,-71,-76,-79,13
-71,-92,-87,-69,-76,-81,13
-71,-85,-81,-68,-77,-81,13
-84,-92,-85,-78,-76,-71,13
-83,-87,-82,-80,-74,-72,13
-85,-95,-84,-77,-77,-70,13
-69,-76,-82,-71,-77,-83,13
-70,-84,-84,-71,-74,-82,13
-69,-77,-84,-71,-75,-82,13
-69,-84,-78,-71,-74,-70,13
-82,-78,-77,-76,-77,-70,13
-84,-84,-80,-76,-77,-81,13
-83,-78,-77,-76,-77,-82,13
-82,-85,-80,-71,-77,-84,13
-72,-88,-77,-71,-77,-80,13
-71,-76,-81,-71,-75,-84,13
-72,-86,-77,-68,-75,-71,13
-72,-80,-86,-68,-80,-71,13
-68,-87,-88,-79,-80,-82,13
-69,-88,-89,-80,-79,-77,13
-69,-86,-85,-77,-72,-77,13
-68,-93,-90,-68,-72,-77,13
-72,-88,-86,-68,-71,-81,13
-71,-95,-90,-68,-71,-80,13
-72,-92,-86,-76,-71,-80,13
-72,-89,-89,-76,-78,-72,13
-69,-88,-85,-73,-78,-71,13
-68,-82,-83,-73,-79,-71,13
-68,-90,-78,-73,-72,-77,13
-86,-83,-85,-68,-71,-77,13
-85,-89,-85,-68,-72,-77,13
-86,-83,-85,-68,-77,-71,13
-85,-82,-85,-72,-78,-71,13
-72,-94,-83,-72,-78,-71,13
-72,-88,-83,-72,-72,-78,13
-72,-95,-83,-68,-72,-77,13
-86,-86,-84,-68,-72,-78,13
-85,-95,-83,-68,-72,-80,13
-85,-86,-85,-75,-72,-80,13
-72,-93,-85,-75,-73,-80,13
-71,-82,-82,-74,-72,-71,13
-71,-74,-83,-75,-73,-72,13
-71,-80,-85,-72,-72,-71,13
-71,-74,-82,-72,-72,-71,13
-71,-81,-86,-74,-72,-80,13
-71,-73,-83,-77,-72,-81,13
-71,-96,-86,-75,-78,-81,13
-85,-87,-83,-76,-78,-71,13
-84,-94,-87,-72,-78,-71,13
-85,-97,-84,-72,-72,-71,13
-71,-88,-84,-72,-74,-76,13
-71,-89,-87,-68,-79,-77,13
-71,-95,-84,-68,-78,-80,13
-71,-74,-84,-77,-79,-80,13
-83,-80,-85,-78,-72,-77,13
-85,-74,-87,-68,-73,-77,13
-85,-81,-83,-68,-75,-77,13
-85,-74,-82,-77,-75,-78,13
-72,-81,-86,-78,-76,-78,13
-72,-74,-86,-77,-77,-78,13
-72,-81,-82,-80,-78,-76,13
-72,-86,-84,-76,-78,-69,13
-72,-93,-97,-69,-75,-70,13
-72,-83,-95,-69,-70,-80,13
-71,-92,-92,-68,-71,-80,13
-71,-87,-96,-72,-70,-71,13
-72,-88,-84,-71,-74,-75,13
-71,-86,-87,-71,-74,-71,13
-72,-92,-84,-69,-79,-78,13
-72,-86,-83,-68,-77,-77,13
-72,-95,-85,-78,-72,-78,13
-71,-86,-82,-73,-74,-80,13
-72,-87,-86,-72,-73,-78,13
-72,-93,-85,-78,-73,-78,13
-76,-85,-83,-75,-74,-77,14
-76,-96,-82,-90,-74,-75,14
-74,-100,-80,-92,-76,-71,14
-71,-92,-81,-78,-70,-74,14
-72,-88,-79,-76,-75,-71,14
-71,-86,-93,-77,-74,-76,14
-72,-83,-83,-75,-74,-75,14
-74,-88,-88,-73,-76,-76,14
-74,-78,-79,-78,-78,-76,14
-74,-85,-96,-82,-74,-70,14
-74,-94,-93,-91,-69,-70,14
-79,-89,-82,-80,-72,-69,14
-77,-88,-83,-78,-71,-70,14
-82,-98,-80,-78,-73,-76,14
-96,-91,-82,-77,-73,-76,14
-71,-83,-80,-76,-74,-76,14
-72,-74,-81,-81,-70,-70,14
-72,-80,-79,-90,-72,-70,14
-88,-72,-82,-77,-72,-74,14
-87,-80,-79,-78,-75,-74,14
-92,-73,-82,-74,-74,-73,14
-90,-84,-76,-81,-76,-77,14
-71,-80,-82,-77,-76,-75,14
-71,-85,-82,-77,-76,-76,14
-71,-77,-78,-76,-73,-74,14
-74,-79,-78,-77,-72,-74,14
-75,-86,-73,-77,-66,-74,14
-74,-80,-77,-77,-98,-76,14
-76,-86,-87,-76,-66,-76,14
-93,-78,-94,-71,-68,-77,14
-92,-84,-87,-80,-73,-72,14
-81,-76,-91,-87,-75,-72,14
-76,-88,-89,-75,-70,-72,14
-76,-81,-88,-74,-71,-78,14
-77,-86,-90,-71,-71,-75,14
-81,-78,-74,-84,-73,-75,14
-80,-87,-77,-87,-71,-73,14
-85,-77,-72,-78,-71,-79,14
-72,-82,-76,-78,-70,-78,14
-71,-78,-72,-76,-68,-75,14
-71,-86,-77,-76,-68,-78,14
-72,-76,-72,-81,-89,-79,14
-80,-84,-78,-76,-72,-80,14
-74,-77,-85,-80,-69,-79,14
-72,-78,-89,-76,-73,-80,14
-78,-96,-91,-82,-73,-84,14
-73,-85,-84,-76,-71,-85,14
-82,-92,-84,-72,-69,-77,14
-79,-94,-86,-78,-70,-75,14
-80,-89,-82,-76,-74,-73,14
-76,-96,-80,-76,-71,-75,14
-75,-74,-79,-76,-76,-74,14
-74,-88,-82,-86,-79,-77,14
-76,-84,-79,-90,-76,-76,14
-74,-79,-82,-96,-69,-76,14
-73,-83,-79,-75,-76,-75,14
-76,-77,-82,-76,-75,-79,14
-82,-83,-80,-76,-72,-75,14
-85,-78,-78,-71,-73,-76,14
-72,-94,-74,-71,-72,-77,14
-73,-87,-78,-77,-67,-77,14
-76,-92,-75,-73,-69,-81,14
-84,-91,-78,-73,-70,-81,14
-76,-86,-76,-72,-71,-75,14
-74,-93,-80,-75,-72,-75,14
-73,-86,-76,-77,-69,-76,14
-77,-74,-80,-73,-69,-75,14
-78,-82,-82,-73,-69,-76,14
-76,-73,-82,-73,-73,-75,14
-76,-80,-77,-78,-73,-75,14
-77,-74,-81,-76,-69,-76,14
-80,-81,-77,-80,-70,-76,14
-78,-74,-72,-72,-71,-74,14
-78,-82,-77,-73,-72,-75,14
-79,-76,-74,-73,-76,-75,14
-73,-82,-77,-74,-79,-75,14
-76,-82,-74,-74,-71,-69,14
-80,-74,-78,-73,-72,-69,14
-80,-76,-74,-75,-71,-79,14
-80,-93,-76,-75,-76,-76,14
-80,-83,-77,-81,-72,-69,14
-74,-90,-77,-77,-73,-70,14
-74,-85,-81,-82,-71,-69,14
-71,-98,-78,-90,-72,-74,14
-72,-87,-75,-82,-76,-78,14
-79,-94,-82,-87,-77,-78,14
-80,-82,-82,-80,-74,-74,14
-80,-90,-86,-80,-75,-73,14
-72,-92,-84,-80,-79,-81,14
-72,-87,-81,-88,-78,-78,14
-72,-82,-81,-86,-74,-73,14
-72,-74,-90,-81,-73,-73,14
-72,-81,-83,-71,-73,-73,14
-78,-77,-78,-84,-76,-71,14
-78,-82,-75,-87,-76,-76,14
-79,-78,-78,-78,-73,-75,14
-80,-82,-77,-78,-72,-76,14
-83,-88,-74,-76,-66,-76,14
-81,-78,-87,-86,-78,-70,14
-77,-87,-77,-81,-73,-73,14
-83,-79,-85,-79,-82,-71,15
-81,-85,-81,-76,-90,-76,15
-77,-76,-86,-67,-62,-68,15
-84,-81,-89,-67,-64,-68,15
-82,-78,-92,-98,-99,-73,15
-83,-85,-73,-97,-64,-74,15
-82,-74,-74,-67,-80,-76,15
-81,-84,-71,-82,-80,-73,15
-81,-82,-72,-83,-72,-70,15
-80,-73,-72,-85,-72,-70,15
-80,-81,-88,-100,-72,-69,15
-80,-76,-85,-64,-96,-70,15
-74,-83,-86,-99,-98,-70,15
-75,-81,-86,-63,-63,-71,15
-88,-88,-85,-96,-97,-70,15
-88,-80,-90,-96,-63,-72,15
-86,-81,-87,-62,-96,-69,15
-87,-88,-80,-96,-70,-66,15
-73,-88,-76,-98,-69,-70,15
-76,-85,-78,-66,-62,-67,15
-77,-87,-80,-100,-99,-66,15
-84,-80,-77,-97,-67,-66,15
-77,-77,-80,-66,-66,-66,15
-82,-84,-77,-100,-100,-74,15
-80,-77,-72,-100,-71,-72,15
-81,-85,-69,-64,-69,-67,15
-82,-78,-74,-95,-69,-67,15
-82,-86,-72,-98,-66,-67,15
-82,-78,-74,-97,-100,-74,15
-82,-82,-72,-63,-66,-64,15
-82,-76,-74,-97,-72,-67,15
-81,-82,-71,-100,-72,-66,15
-80,-76,-74,-65,-73,-66,15
-80,-81,-77,-100,-68,-72,15
-81,-83,-78,-70,-100,-74,15
-82,-79,-76,-71,-67,-75,15
-80,-82,-78,-76,-67,-77,15
-82,-83,-76,-76,-70,-69,15
-79,-75,-79,-66,-70,-69,15
-78,-85,-70,-68,-73,-66,15
-81,-78,-72,-70,-68,-69,15
-83,-83,-71,-72,-76,-70,15
-82,-78,-78,-70,-78,-77,15
-83,-87,-74,-67,-74,-80,15
-87,-73,-74,-69,-96,-79,15
-80,-80,-72,-70,-66,-69,15
-85,-75,-77,-73,-66,-71,15
-80,-83,-77,-77,-67,-77,15
-82,-76,-80,-72,-74,-74,15
-81,-82,-78,-71,-71,-68,15
-84,-75,-75,-70,-73,-99,15
-83,-82,-78,-68,-66,-72,15
-85,-76,-93,-69,-69,-70,15
-83,-84,-88,-68,-68,-71,15
-82,-76,-85,-72,-69,-72,15
-80,-83,-80,-71,-68,-76,15
-76,-76,-83,-63,-65,-79,15
-76,-83,-81,-65,-72,-70,15
-77,-88,-80,-102,-70,-68,15
-78,-81,-76,-66,-70,-66,15
-79,-87,-80,-81,-66,-76,15
-76,-78,-76,-77,-68,-65,15
-78,-84,-80,-63,-71,-96,15
-88,-79,-79,-66,-74,-67,15
-83,-77,-82,-100,-75,-100,15
-81,-84,-80,-66,-73,-67,15
-80,-76,-86,-100,-78,-69,15
-86,-82,-83,-98,-74,-70,15
-83,-76,-86,-98,-68,-61,15
-82,-76,-84,-66,-71,-95,15
-81,-83,-83,-98,-77,-63,15
-83,-83,-86,-95,-70,-96,15
-84,-88,-85,-61,-73,-98,15
-82,-85,-73,-96,-100,-66,15
-86,-91,-72,-94,-68,-67,15
-81,-70,-79,-62,-73,-67,15
-80,-77,-82,-97,-68,-103,15
-77,-70,-75,-100,-75,-62,15
-76,-79,-76,-68,-63,-100,15
-81,-80,-74,-69,-100,-67,15
-77,-82,-80,-66,-98,-63,15
-77,-78,-75,-71,-65,-98,15
-78,-86,-76,-63,-78,-70,15
-80,-91,-76,-96,-78,-68,15
-82,-84,-74,-95,-67,-98,15
-84,-88,-77,-64,-67,-96,15
-85,-83,-74,-100,-75,-63,15
-71,-79,-75,-77,-63,-97,15
-74,-72,-75,-77,-64,-96,15
-78,-80,-76,-79,-100,-67,15
-86,-72,-80,-102,-69,-66,15
-83,-80,-80,-64,-79,-98,15
-84,-78,-82,-67,-68,-100,15
-77,-84,-85,-101,-69,-63,15
-80,-88,-87,-74,-69,-96,15
-76,-76,-77,-79,-68,-63,15
-81,-83,-80,-92,-73,-65,15
-79,-82,-72,-66,-72,-96,15
-76,-74,-80,-98,-72,-98,15
-88,-83,-71,-64,-74,-63,15
-82,-90,-67,-71,-86,-70,16
-71,-98,-71,-70,-63,-81,16
-71,-80,-65,-69,-98,-76,16
-68,-87,-70,-77,-96,-75,16
-69,-89,-67,-70,-97,-88,16
-88,-80,-68,-98,-97,-88,16
-82,-86,-66,-66,-62,-84,16
-88,-82,-69,-71,-97,-77,16
-82,-87,-66,-63,-97,-74,16
-72,-86,-74,-100,-78,-78,16
-71,-89,-72,-63,-77,-78,16
-73,-80,-78,-96,-71,-76,16
-69,-90,-76,-63,-68,-84,16
-70,-82,-72,-66,-68,-83,16
-69,-80,-77,-98,-100,-84,16
-69,-85,-72,-98,-62,-83,16
-68,-90,-69,-64,-61,-75,16
-72,-82,-65,-66,-96,-81,16
-72,-90,-69,-97,-62,-78,16
-72,-88,-67,-64,-97,-80,16
-73,-94,-71,-100,-96,-85,16
-68,-84,-68,-100,-68,-82,16
-67,-94,-70,-63,-68,-66,16
-67,-82,-68,-98,-66,-69,16
-82,-82,-67,-62,-62,-74,16
-87,-76,-69,-96,-96,-81,16
-86,-83,-66,-95,-62,-86,16
-72,-77,-69,-63,-96,-88,16
-72,-84,-66,-64,-61,-83,16
-72,-76,-69,-64,-86,-71,16
-82,-84,-71,-99,-94,-71,16
-88,-80,-68,-65,-68,-73,16
-84,-91,-68,-100,-69,-78,16
-70,-83,-73,-68,-70,-78,16
-71,-84,-68,-66,-70,-80,16
-69,-82,-72,-64,-71,-88,16
-68,-75,-69,-98,-72,-73,16
-71,-84,-71,-64,-73,-80,16
-74,-78,-68,-98,-70,-70,16
-82,-87,-72,-67,-71,-74,16
-93,-86,-70,-102,-96,-80,16
-96,-78,-70,-68,-63,-87,16
-70,-84,-70,-66,-97,-72,16
-70,-76,-67,-64,-63,-71,16
-68,-83,-75,-63,-100,-82,16
-75,-77,-72,-97,-65,-72,16
-82,-100,-72,-62,-98,-80,16
-82,-86,-76,-96,-100,-78,16
-70,-97,-71,-61,-78,-78,16
-73,-88,-69,-70,-88,-87,16
-75,-88,-71,-100,-83,-80,16
-76,-99,-71,-67,-65,-87,16
-77,-92,-71,-63,-66,-79,16
-74,-84,-68,-63,-99,-80,16
-73,-90,-71,-62,-102,-83,16
-72,-83,-76,-94,-88,-76,16
-73,-88,-77,-96,-79,-74,16
-72,-80,-75,-62,-73,-77,16
-72,-87,-79,-70,-64,-85,16
-82,-83,-75,-69,-100,-76,16
-75,-90,-76,-67,-67,-76,16
-67,-81,-74,-99,-62,-74,16
-80,-89,-74,-67,-65,-83,16
-77,-84,-71,-65,-63,-71,16
-91,-89,-66,-102,-95,-80,16
-84,-80,-68,-98,-98,-75,16
-72,-86,-72,-62,-94,-76,16
-73,-75,-73,-63,-95,-77,16
-74,-82,-70,-95,-63,-80,16
-72,-77,-71,-64,-97,-71,16
-83,-88,-69,-65,-100,-71,16
-86,-77,-63,-72,-67,-71,16
-83,-85,-67,-100,-100,-75,16
-86,-81,-64,-68,-97,-82,16
-72,-80,-66,-69,-72,-80,16
-76,-84,-70,-80,-73,-78,16
-74,-75,-73,-67,-67,-75,16
-68,-83,-72,-71,-77,-77,16
-68,-88,-70,-73,-68,-78,16
-71,-83,-75,-64,-100,-76,16
-78,-91,-75,-71,-66,-81,16
-83,-85,-68,-64,-100,-80,16
-86,-90,-65,-64,-75,-77,16
-68,-84,-68,-67,-79,-76,16
-68,-92,-66,-100,-79,-76,16
-67,-87,-70,-100,-74,-80,16
-73,-96,-66,-67,-66,-80,16
-80,-93,-69,-102,-69,-80,16
-80,-97,-66,-67,-67,-76,16
-77,-92,-69,-63,-97,-76,16
-77,-79,-73,-62,-68,-75,16
-74,-72,-76,-67,-64,-88,16
-74,-80,-71,-97,-76,-88,16
-72,-73,-77,-66,-70,-84,16
-71,-80,-77,-100,-71,-77,16
-68,-73,-65,-97,-72,-74,16
-68,-80,-69,-64,-72,-78,16
-69,-73,-64,-98,-75,-78,16
-68,-89,-69,-69,-72,-81,16
-69,-89,-67,-66,-73,-76,16
-86,-82,-71,-80,-71,-77,17
-76,-94,-80,-69,-69,-83,17
-76,-92,-78,-70,-69,-73,17
-73,-89,-77,-77,-71,-72,17
-74,-85,-75,-78,-77,-73,17
-75,-86,-78,-80,-73,-90,17
-75,-81,-78,-81,-98,-80,17
-76,-86,-73,-85,-65,-82,17
-75,-84,-76,-80,-98,-78,17
-74,-88,-72,-70,-65,-71,17
-74,-92,-77,-71,-65,-73,17
-73,-82,-77,-79,-73,-72,17
-72,-90,-78,-73,-72,-74,17
-74,-82,-77,-76,-68,-74,17
-74,-89,-82,-75,-76,-76,17
-73,-83,-78,-74,-70,-73,17
-74,-89,-75,-74,-71,-76,17
-72,-82,-78,-74,-71,-72,17
-72,-78,-74,-75,-68,-76,17
-73,-86,-78,-76,-68,-77,17
-73,-81,-75,-75,-67,-72,17
-72,-88,-79,-72,-69,-71,17
-76,-80,-79,-78,-69,-76,17
-75,-86,-76,-72,-69,-77,17
-76,-80,-78,-73,-68,-72,17
-72,-84,-74,-73,-101,-72,17
-72,-80,-77,-73,-68,-73,17
-72,-82,-77,-74,-72,-76,17
-77,-85,-74,-74,-76,-73,17
-76,-81,-77,-76,-71,-74,17
-78,-81,-73,-73,-71,-78,17
-76,-88,-77,-73,-69,-74,17
-77,-77,-73,-73,-68,-75,17
-72,-83,-78,-77,-69,-80,17
-72,-77,-76,-76,-75,-79,17
-73,-85,-80,-77,-72,-78,17
-74,-80,-77,-72,-72,-71,17
-72,-87,-80,-73,-69,-72,17
-71,-97,-87,-72,-70,-72,17
-72,-73,-90,-72,-70,-74,17
-72,-81,-89,-73,-69,-74,17
-76,-84,-83,-77,-69,-72,17
-75,-73,-85,-77,-74,-72,17
-74,-80,-80,-76,-76,-72,17
-74,-73,-77,-74,-68,-74,17
-72,-79,-74,-73,-68,-73,17
-71,-95,-77,-73,-68,-73,17
-72,-88,-74,-77,-73,-76,17
-72,-93,-77,-77,-75,-73,17
-73,-92,-74,-79,-74,-70,17
-73,-86,-73,-73,-73,-74,17
-73,-94,-71,-77,-77,-75,17
-75,-76,-75,-82,-71,-76,17
-75,-84,-70,-76,-73,-74,17
-75,-76,-80,-80,-76,-74,17
-74,-83,-75,-74,-67,-74,17
-73,-76,-79,-75,-70,-74,17
-71,-83,-77,-73,-72,-76,17
-71,-77,-80,-76,-67,-74,17
-73,-95,-76,-74,-68,-74,17
-72,-93,-75,-76,-84,-78,17
-74,-93,-78,-80,-71,-78,17
-74,-99,-76,-74,-69,-77,17
-73,-89,-75,-74,-68,-77,17
-72,-96,-72,-73,-68,-76,17
-72,-77,-74,-79,-72,-76,17
-72,-84,-71,-80,-70,-76,17
-72,-77,-73,-73,-68,-82,17
-80,-85,-75,-74,-69,-97,17
-76,-78,-71,-75,-76,-73,17
-76,-82,-86,-76,-77,-80,17
-80,-76,-85,-91,-65,-85,17
-82,-80,-82,-80,-77,-71,17
-80,-73,-82,-78,-67,-71,17
-73,-78,-76,-76,-67,-73,17
-79,-71,-80,-88,-74,-74,17
-81,-78,-82,-84,-70,-82,17
-76,-76,-76,-78,-69,-72,17
-74,-84,-79,-74,-72,-73,17
-74,-75,-77,-77,-70,-77,17
-76,-96,-80,-80,-71,-71,17
-73,-90,-77,-77,-72,-71,17
-74,-87,-80,-83,-69,-77,17
-75,-93,-77,-74,-70,-77,17
-76,-84,-80,-74,-70,-76,17
-74,-74,-77,-75,-71,-70,17
-74,-82,-77,-75,-76,-72,17
-75,-84,-75,-77,-84,-69,17
-74,-76,-77,-75,-92,-69,17
-74,-83,-75,-73,-79,-72,17
-73,-74,-81,-80,-69,-73,17
-75,-80,-82,-82,-75,-78,17
-74,-85,-84,-87,-72,-80,17
-72,-83,-76,-86,-72,-82,17
-73,-91,-80,-69,-69,-78,17
-73,-84,-77,-70,-70,-71,17
-72,-93,-80,-77,-90,-73,17
-77,-85,-80,-78,-69,-73,17
-77,-91,-77,-80,-72,-72,17
-78,-82,-80,-86,-79,-69,17
-78,-80,-69,-81,-95,-77,18
-82,-86,-72,-76,-66,-72,18
-84,-78,-71,-83,-61,-70,18
-79,-84,-69,-72,-60,-71,18
-76,-91,-73,-74,-96,-69,18
-77,-96,-72,-74,-94,-71,18
-79,-85,-76,-74,-61,-72,18
-79,-87,-72,-76,-96,-98,18
-74,-82,-69,-82,-62,-100,18
-73,-89,-74,-77,-97,-65,18
-74,-80,-72,-77,-63,-69,18
-74,-86,-73,-79,-97,-70,18
-76,-79,-72,-84,-65,-65,18
-76,-85,-75,-78,-97,-99,18
-76,-78,-69,-77,-64,-65,18
-80,-85,-72,-77,-99,-101,18
-74,-78,-71,-72,-97,-66,18
-78,-85,-68,-73,-96,-69,18
-76,-79,-71,-73,-63,-68,18
-83,-81,-68,-82,-98,-68,18
-77,-80,-71,-81,-96,-78,18
-77,-80,-78,-87,-62,-80,18
-77,-87,-80,-90,-96,-78,18
-77,-94,-75,-82,-70,-77,18
-77,-95,-79,-84,-58,-74,18
-77,-80,-76,-84,-93,-69,18
-75,-86,-80,-81,-58,-68,18
-86,-76,-91,-79,-93,-69,18
-84,-83,-71,-76,-61,-67,18
-84,-77,-73,-76,-94,-65,18
-84,-83,-77,-76,-94,-100,18
-84,-76,-74,-78,-62,-100,18
-88,-82,-78,-74,-97,-68,18
-76,-80,-75,-85,-95,-67,18
-80,-91,-76,-76,-61,-78,18
-82,-90,-76,-80,-97,-68,18
-83,-82,-80,-73,-96,-99,18
-82,-91,-91,-81,-62,-73,18
-80,-86,-86,-92,-95,-72,18
-81,-93,-86,-77,-60,-100,18
-80,-77,-83,-80,-95,-65,18
-78,-76,-88,-73,-95,-65,18
-76,-83,-90,-79,-94,-98,18
-74,-78,-87,-76,-94,-74,18
-78,-76,-83,-82,-60,-70,18
-77,-83,-88,-76,-95,-75,18
-80,-75,-85,-79,-94,-71,18
-80,-82,-87,-71,-63,-102,18
-81,-76,-84,-71,-100,-70,18
-94,-83,-72,-71,-97,-68,18
-80,-76,-72,-78,-63,-70,18
-74,-93,-72,-86,-100,-81,18
-88,-85,-71,-80,-98,-82,18
-82,-84,-72,-81,-66,-76,18
-81,-87,-69,-81,-98,-70,18
-81,-83,-73,-76,-96,-69,18
-80,-92,-72,-79,-61,-74,18
-81,-94,-71,-82,-96,-74,18
-80,-84,-67,-73,-62,-85,18
-80,-85,-71,-74,-98,-68,18
-78,-89,-68,-76,-66,-73,18
-83,-80,-71,-69,-97,-70,18
-83,-91,-72,-76,-66,-70,18
-86,-89,-69,-77,-98,-67,18
-89,-93,-72,-78,-62,-70,18
-80,-86,-70,-77,-97,-73,18
-78,-76,-73,-78,-95,-73,18
-88,-82,-70,-76,-60,-74,18
-83,-80,-76,-72,-97,-72,18
-75,-91,-76,-70,-96,-68,18
-74,-83,-68,-83,-65,-98,18
-82,-90,-70,-84,-96,-69,18
-83,-82,-67,-87,-63,-68,18
-80,-90,-72,-79,-96,-101,18
-91,-94,-74,-79,-92,-65,18
-80,-88,-79,-70,-57,-101,18
-75,-87,-65,-70,-92,-66,18
-82,-82,-69,-74,-57,-100,18
-79,-90,-70,-76,-61,-68,18
-84,-84,-67,-76,-96,-67,18
-85,-93,-69,-79,-96,-67,18
-82,-85,-65,-76,-65,-66,18
-79,-88,-68,-83,-98,-67,18
-77,-98,-72,-87,-102,-70,18
-80,-82,-75,-80,-64,-70,18
-82,-90,-71,-78,-95,-69,18
-82,-84,-72,-74,-63,-67,18
-79,-80,-73,-80,-97,-73,18
-81,-89,-69,-78,-98,-69,18
-82,-83,-73,-83,-62,-69,18
-92,-83,-71,-77,-96,-70,18
-91,-89,-73,-79,-61,-67,18
-88,-81,-69,-81,-96,-70,18
-80,-89,-71,-81,-61,-72,18
-82,-79,-69,-76,-95,-79,18
-83,-85,-73,-83,-93,-77,18
-93,-93,-70,-72,-62,-70,18
-92,-83,-72,-74,-96,-71,18
-80,-91,-70,-74,-94,-68,18
-78,-82,-82,-81,-99,-75,18
-87,-81,-85,-81,-81,-87,19
-89,-89,-85,-79,-80,-83,19
-86,-81,-84,-81,-94,-91,19
-85,-87,-85,-92,-76,-91,19
-84,-80,-84,-77,-76,-91,19
-81,-85,-72,-77,-72,-85,19
-81,-78,-75,-78,-78,-83,19
-82,-94,-72,-80,-72,-86,19
-81,-85,-75,-91,-78,-82,19
-87,-93,-72,-86,-76,-79,19
-84,-86,-75,-79,-80,-87,19
-88,-92,-75,-82,-72,-78,19
-85,-85,-80,-83,-86,-80,19
-85,-84,-82,-85,-78,-80,19
-86,-86,-83,-87,-80,-79,19
-84,-79,-79,-80,-78,-85,19
-82,-86,-81,-78,-75,-76,19
-86,-80,-80,-78,-76,-84,19
-86,-87,-83,-86,-76,-88,19
-84,-80,-82,-86,-79,-88,19
-85,-87,-85,-78,-78,-84,19
-85,-80,-83,-76,-74,-80,19
-84,-88,-84,-75,-78,-81,19
-89,-88,-84,-80,-79,-89,19
-89,-80,-87,-79,-83,-89,19
-88,-87,-80,-82,-76,-82,19
-86,-80,-72,-83,-73,-82,19
-83,-88,-75,-82,-73,-81,19
-84,-80,-72,-77,-78,-80,19
-91,-86,-72,-74,-79,-83,19
-91,-98,-76,-76,-81,-87,19
-90,-98,-72,-90,-72,-82,19
-88,-91,-76,-81,-72,-90,19
-86,-92,-84,-79,-71,-90,19
-80,-86,-84,-74,-70,-82,19
-81,-94,-81,-76,-71,-84,19
-83,-80,-83,-77,-84,-82,19
-82,-87,-81,-78,-85,-89,19
-86,-79,-79,-80,-76,-78,19
-80,-87,-77,-79,-71,-93,19
-80,-79,-72,-85,-73,-85,19
-81,-87,-72,-83,-72,-80,19
-80,-91,-76,-85,-82,-89,19
-90,-90,-72,-92,-89,-92,19
-86,-90,-75,-87,-70,-89,19
-91,-85,-72,-85,-70,-81,19
-87,-92,-80,-72,-72,-81,19
-78,-86,-77,-72,-73,-94,19
-82,-95,-78,-72,-73,-80,19
-84,-86,-83,-83,-71,-87,19
-89,-89,-78,-85,-72,-87,19
-89,-82,-81,-85,-71,-80,19
-89,-82,-77,-74,-72,-84,19
-82,-88,-85,-73,-71,-84,19
-81,-81,-80,-73,-72,-85,19
-83,-90,-81,-73,-81,-76,19
-84,-82,-85,-84,-71,-77,19
-80,-87,-82,-84,-70,-78,19
-78,-80,-85,-89,-90,-85,19
-80,-88,-79,-86,-95,-86,19
-80,-81,-77,-85,-92,-88,19
-94,-88,-78,-73,-71,-85,19
-80,-81,-80,-73,-71,-82,19
-77,-87,-76,-75,-71,-83,19
-78,-88,-78,-87,-72,-78,19
-78,-83,-76,-87,-71,-84,19
-89,-82,-80,-85,-74,-83,19
-89,-91,-80,-73,-77,-85,19
-86,-89,-80,-73,-71,-80,19
-89,-83,-83,-75,-77,-82,19
-81,-87,-82,-90,-74,-85,19
-81,-80,-80,-87,-73,-85,19
-81,-80,-83,-86,-73,-81,19
-78,-87,-72,-97,-69,-87,19
-77,-80,-72,-85,-68,-88,19
-77,-80,-75,-83,-69,-91,19
-77,-92,-72,-82,-76,-87,19
-82,-84,-76,-95,-77,-90,19
-82,-85,-76,-74,-77,-90,19
-82,-84,-80,-75,-68,-83,19
-78,-84,-77,-74,-68,-83,19
-77,-91,-80,-92,-67,-89,19
-78,-85,-78,-88,-77,-86,19
-88,-92,-82,-95,-75,-88,19
-91,-84,-77,-96,-63,-82,19
-84,-92,-76,-73,-70,-82,19
-81,-82,-73,-73,-68,-82,19
-82,-93,-76,-81,-70,-84,19
-82,-87,-73,-79,-71,-98,19
-85,-94,-76,-78,-84,-91,19
-84,-92,-73,-81,-85,-97,19
-86,-87,-78,-79,-76,-87,19
-84,-95,-73,-81,-71,-83,19
-83,-87,-82,-92,-73,-91,19
-83,-94,-78,-77,-72,-89,19
-78,-86,-82,-77,-78,-91,19
-79,-85,-79,-78,-78,-85,19
-76,-84,-83,-80,-76,-83,19
-78,-94,-78,-81,-75,-86,19
-85,-88,-82,-78,-75,-97,19
-80,-76,-76,-83,-75,-77,20
-82,-82,-74,-84,-80,-88,20
-85,-76,-83,-86,-77,-76,20
-85,-77,-97,-78,-78,-76,20
-87,-85,-91,-80,-70,-70,20
-75,-77,-87,-89,-71,-77,20
-78,-76,-85,-88,-79,-83,20
-79,-82,-91,-86,-74,-71,20
-80,-74,-90,-81,-76,-71,20
-80,-75,-76,-80,-69,-66,20
-93,-82,-73,-80,-78,-69,20
-88,-73,-70,-78,-71,-71,20
-88,-78,-72,-86,-72,-70,20
-76,-69,-69,-79,-70,-75,20
-81,-81,-69,-76,-72,-76,20
-75,-77,-65,-80,-80,-70,20
-83,-69,-76,-92,-82,-74,20
-83,-75,-80,-82,-81,-71,20
-82,-67,-83,-82,-76,-70,20
-87,-74,-76,-82,-73,-75,20
-88,-84,-76,-84,-92,-70,20
-88,-82,-72,-80,-80,-80,20
-92,-91,-76,-80,-81,-70,20
-80,-90,-81,-81,-81,-73,20
-79,-87,-85,-84,-71,-76,20
-86,-75,-68,-81,-75,-72,20
-77,-85,-73,-81,-85,-71,20
-82,-86,-68,-79,-74,-72,20
-83,-79,-72,-81,-73,-71,20
-84,-73,-70,-79,-82,-75,20
-82,-80,-78,-83,-79,-76,20
-82,-82,-69,-80,-73,-73,20
-88,-74,-72,-82,-74,-70,20
-85,-81,-68,-78,-80,-89,20
-84,-75,-74,-78,-83,-73,20
-91,-82,-67,-88,-80,-71,20
-82,-72,-69,-82,-71,-67,20
-85,-86,-71,-82,-71,-100,20
-84,-79,-73,-81,-71,-66,20
-84,-75,-67,-84,-70,-83,20
-81,-82,-68,-84,-70,-83,20
-82,-77,-67,-78,-68,-71,20
-81,-82,-72,-85,-72,-71,20
-82,-75,-67,-80,-74,-70,20
-79,-77,-69,-80,-76,-69,20
-79,-83,-68,-78,-71,-70,20
-79,-76,-69,-80,-74,-71,20
-82,-80,-75,-93,-69,-73,20
-85,-72,-75,-96,-72,-73,20
-88,-72,-78,-79,-78,-76,20
-87,-90,-80,-84,-74,-79,20
-87,-80,-76,-85,-74,-84,20
-84,-93,-72,-89,-77,-78,20
-88,-77,-77,-85,-67,-77,20
-86,-87,-74,-85,-66,-66,20
-87,-73,-83,-80,-77,-100,20
-86,-80,-87,-74,-76,-66,20
-90,-73,-87,-73,-81,-100,20
-94,-78,-82,-83,-76,-66,20
-85,-73,-73,-83,-75,-100,20
-82,-78,-76,-82,-73,-97,20
-90,-71,-72,-76,-77,-77,20
-83,-78,-76,-83,-76,-84,20
-78,-71,-74,-85,-73,-82,20
-81,-81,-74,-91,-75,-69,20
-80,-77,-67,-77,-77,-69,20
-80,-81,-71,-77,-80,-78,20
-77,-87,-74,-75,-79,-69,20
-77,-80,-75,-88,-72,-65,20
-79,-75,-70,-80,-71,-72,20
-81,-70,-74,-79,-72,-74,20
-87,-80,-71,-80,-73,-76,20
-90,-71,-79,-81,-72,-74,20
-87,-80,-78,-82,-77,-73,20
-91,-74,-75,-98,-78,-76,20
-91,-80,-69,-88,-84,-73,20
-81,-73,-84,-88,-69,-68,20
-86,-80,-78,-95,-65,-72,20
-85,-80,-77,-88,-100,-67,20
-83,-74,-67,-89,-65,-96,20
-79,-73,-69,-81,-99,-70,20
-84,-82,-75,-80,-73,-70,20
-83,-76,-74,-80,-74,-74,20
-86,-81,-78,-78,-76,-69,20
-84,-74,-74,-86,-86,-98,20
-79,-78,-77,-79,-82,-65,20
-82,-79,-72,-76,-80,-99,20
-85,-83,-76,-80,-70,-62,20
-84,-90,-73,-85,-100,-98,20
-82,-73,-82,-82,-69,-73,20
-81,-74,-79,-81,-74,-69,20
-90,-81,-82,-74,-76,-101,20
-81,-72,-88,-77,-74,-66,20
-79,-85,-78,-74,-72,-98,20
-78,-83,-72,-91,-73,-97,20
-79,-96,-75,-89,-73,-63,20
-76,-77,-76,-77,-75,-96,20
-76,-94,-70,-75,-74,-66,20
-79,-85,-70,-81,-72,-67,20
-93,-93,-67,-89,-73,-70,20
-81,-81,-68,-84,-60,-79,21
-79,-76,-64,-80,-96,-95,21
-76,-69,-68,-86,-95,-60,21
-74,-78,-65,-82,-61,-95,21
-76,-70,-70,-75,-93,-97,21
-82,-76,-65,-76,-59,-62,21
-79,-70,-68,-79,-94,-100,21
-78,-78,-64,-88,-95,-100,21
-74,-70,-68,-76,-63,-63,21
-74,-86,-66,-72,-97,-98,21
-75,-87,-68,-84,-63,-97,21
-77,-82,-66,-77,-100,-62,21
-81,-85,-69,-71,-100,-96,21
-83,-80,-68,-76,-64,-63,21
-81,-87,-69,-76,-98,-97,21
-76,-74,-71,-74,-63,-97,21
-77,-85,-68,-73,-95,-66,21
-72,-75,-71,-79,-96,-64,21
-73,-80,-67,-77,-61,-100,21
-75,-73,-70,-69,-96,-66,21
-73,-80,-68,-70,-60,-62,21
-73,-74,-70,-74,-94,-96,21
-82,-82,-67,-77,-60,-62,21
-85,-71,-70,-78,-57,-93,21
-80,-78,-68,-79,-93,-60,21
-83,-71,-71,-70,-93,-62,21
-75,-71,-67,-72,-62,-97,21
-76,-76,-70,-76,-96,-60,21
-76,-70,-70,-77,-58,-96,21
-75,-77,-70,-77,-93,-97,21
-85,-84,-70,-74,-59,-60,21
-86,-87,-72,-77,-95,-95,21
-90,-83,-72,-92,-95,-58,21
-85,-72,-75,-74,-96,-92,21
-74,-86,-76,-77,-62,-94,21
-76,-84,-74,-73,-97,-58,21
-76,-74,-71,-83,-96,-94,21
-73,-81,-70,-84,-62,-59,21
-74,-75,-67,-88,-96,-94,21
-74,-82,-75,-85,-60,-77,21
-72,-75,-71,-80,-95,-65,21
-88,-80,-73,-77,-96,-96,21
-92,-70,-71,-80,-94,-96,21
-92,-80,-74,-77,-102,-64,21
-90,-78,-70,-77,-97,-97,21
-80,-88,-73,-78,-100,-63,21
-79,-75,-68,-73,-63,-75,21
-73,-80,-74,-73,-67,-74,21
-76,-87,-73,-72,-63,-73,21
-74,-93,-72,-75,-98,-98,21
-73,-86,-70,-73,-98,-98,21
-86,-83,-73,-73,-63,-96,21
-87,-76,-75,-71,-96,-61,21
-87,-82,-70,-71,-95,-97,21
-88,-76,-72,-70,-98,-97,21
-73,-81,-74,-79,-67,-61,21
-73,-80,-74,-75,-66,-92,21
-73,-84,-69,-76,-102,-92,21
-82,-78,-74,-82,-61,-58,21
-91,-84,-75,-77,-96,-92,21
-78,-77,-75,-83,-62,-94,21
-80,-84,-71,-71,-98,-58,21
-79,-77,-74,-71,-62,-93,21
-77,-85,-70,-84,-96,-93,21
-70,-90,-74,-82,-98,-58,21
-69,-92,-71,-86,-63,-93,21
-71,-89,-71,-73,-98,-86,21
-77,-77,-74,-70,-97,-80,21
-78,-82,-70,-77,-63,-77,21
-77,-74,-74,-72,-98,-70,21
-78,-83,-70,-76,-63,-73,21
-76,-82,-70,-82,-67,-94,21
-77,-75,-67,-85,-68,-93,21
-75,-75,-71,-72,-70,-60,21
-75,-82,-68,-72,-95,-97,21
-83,-75,-70,-72,-61,-62,21
-84,-82,-69,-80,-96,-96,21
-85,-75,-73,-78,-94,-61,21
-82,-76,-70,-81,-60,-94,21
-84,-82,-71,-74,-95,-71,21
-77,-79,-75,-72,-96,-74,21
-77,-83,-72,-76,-62,-82,21
-90,-76,-74,-80,-94,-61,21
-80,-84,-71,-78,-96,-97,21
-79,-85,-73,-78,-61,-60,21
-79,-86,-70,-82,-96,-93,21
-74,-92,-72,-81,-68,-93,21
-72,-79,-69,-82,-62,-94,21
-73,-82,-72,-81,-97,-76,21
-74,-73,-69,-80,-61,-67,21
-82,-81,-76,-75,-96,-72,21
-83,-82,-72,-77,-95,-70,21
-82,-80,-75,-86,-63,-63,21
-78,-85,-74,-82,-99,-96,21
-71,-80,-73,-75,-97,-96,21
-71,-89,-72,-76,-65,-60,21
-72,-80,-76,-79,-99,-93,21
-86,-87,-73,-88,-64,-92,21
-86,-84,-78,-76,-101,-59,21
-77,-77,-74,-77,-65,-93,21
-86,-85,-69,-85,-71,-78,22
-85,-79,-74,-81,-68,-66,22
-82,-82,-73,-84,-70,-96,22
-80,-89,-85,-87,-65,-74,22
-83,-71,-67,-82,-73,-66,22
-85,-82,-72,-79,-71,-100,22
-86,-78,-74,-77,-74,-65,22
-84,-85,-76,-76,-61,-67,22
-84,-77,-73,-76,-96,-66,22
-85,-78,-76,-78,-65,-63,22
-86,-73,-72,-71,-100,-68,22
-80,-84,-80,-77,-63,-66,22
-80,-82,-83,-83,-99,-67,22
-81,-83,-91,-84,-72,-63,22
-79,-87,-81,-82,-69,-99,22
-84,-81,-86,-83,-71,-100,22
-91,-88,-69,-85,-64,-68,22
-86,-76,-72,-84,-82,-66,22
-89,-84,-69,-80,-80,-67,22
-86,-84,-72,-78,-76,-74,22
-87,-76,-68,-84,-82,-65,22
-88,-80,-71,-84,-75,-65,22
-90,-73,-69,-84,-67,-98,22
-91,-81,-73,-83,-98,-100,22
-90,-74,-69,-92,-83,-65,22
-89,-83,-72,-81,-82,-100,22
-87,-74,-72,-91,-77,-77,22
-83,-86,-77,-70,-69,-73,22
-90,-77,-74,-84,-67,-75,22
-90,-68,-76,-81,-102,-67,22
-92,-76,-68,-78,-68,-67,22
-90,-68,-71,-77,-73,-66,22
-84,-75,-68,-76,-78,-98,22
-89,-69,-78,-86,-77,-100,22
-86,-72,-78,-89,-92,-70,22
-81,-81,-77,-77,-89,-68,22
-80,-75,-71,-78,-63,-69,22
-83,-78,-73,-89,-70,-68,22
-93,-74,-70,-82,-61,-67,22
-92,-80,-69,-91,-95,-66,22
-90,-74,-69,-73,-96,-66,22
-91,-80,-73,-77,-70,-100,22
-73,-71,-70,-75,-72,-66,22
-82,-90,-73,-72,-74,-64,22
-77,-84,-79,-72,-62,-69,22
-79,-89,-75,-81,-97,-76,22
-85,-80,-79,-92,-97,-66,22
-87,-86,-77,-79,-95,-98,22
-89,-78,-77,-82,-62,-77,22
-89,-86,-80,-84,-63,-71,22
-83,-81,-76,-76,-98,-71,22
-84,-83,-78,-81,-63,-69,22
-80,-91,-69,-83,-96,-69,22
-78,-82,-71,-83,-96,-72,22
-78,-89,-68,-84,-94,-98,22
-77,-85,-71,-80,-60,-72,22
-81,-80,-68,-88,-60,-68,22
-79,-90,-71,-78,-94,-67,22
-78,-82,-69,-82,-95,-67,22
-76,-89,-72,-75,-61,-68,22
-80,-80,-80,-89,-62,-70,22
-80,-88,-77,-80,-97,-77,22
-85,-94,-82,-85,-99,-78,22
-86,-93,-76,-77,-68,-71,22
-83,-84,-75,-80,-96,-67,22
-86,-70,-73,-83,-62,-74,22
-84,-77,-77,-79,-97,-75,22
-86,-78,-74,-79,-98,-72,22
-83,-70,-76,-77,-61,-73,22
-86,-77,-73,-76,-96,-76,22
-87,-71,-77,-76,-95,-68,22
-85,-78,-73,-73,-95,-70,22
-78,-73,-75,-72,-96,-70,22
-83,-73,-69,-72,-72,-71,22
-77,-78,-70,-78,-81,-71,22
-80,-71,-68,-76,-73,-72,22
-78,-74,-68,-81,-60,-66,22
-76,-79,-70,-82,-61,-71,22
-76,-80,-71,-80,-96,-72,22
-85,-78,-74,-95,-62,-71,22
-86,-86,-74,-85,-97,-66,22
-85,-82,-72,-85,-97,-65,22
-75,-88,-75,-95,-96,-64,22
-78,-80,-76,-91,-61,-100,22
-78,-79,-72,-87,-98,-66,22
-77,-82,-74,-93,-96,-97,22
-87,-75,-78,-88,-94,-64,22
-84,-84,-85,-86,-70,-100,22
-86,-82,-75,-90,-73,-65,22
-85,-86,-75,-92,-71,-98,22
-80,-79,-76,-72,-68,-65,22
-78,-90,-74,-84,-98,-98,22
-78,-87,-93,-87,-65,-64,22
-77,-82,-89,-82,-98,-98,22
-77,-76,-83,-79,-65,-64,22
-76,-82,-82,-77,-99,-68,22
-78,-76,-91,-76,-97,-74,22
-78,-90,-90,-76,-60,-78,22
-77,-89,-80,-78,-69,-78,22
-78,-80,-75,-72,-73,-76,22
-80,-75,-88,-76,-80,-89,23
-81,-69,-71,-92,-75,-60,23
-87,-76,-73,-84,-75,-96,23
-90,-76,-79,-83,-71,-96,23
-84,-83,-83,-80,-74,-61,23
-79,-74,-80,-78,-76,-93,23
-80,-81,-81,-88,-76,-96,23
-79,-71,-76,-86,-90,-62,23
-96,-80,-73,-92,-79,-63,23
-90,-72,-76,-82,-86,-96,23
-90,-80,-74,-84,-79,-96,23
-85,-70,-70,-98,-78,-100,23
-86,-78,-72,-81,-74,-98,23
-87,-73,-71,-89,-83,-67,23
-85,-77,-73,-83,-81,-96,23
-86,-71,-70,-80,-69,-64,23
-81,-72,-72,-81,-77,-97,23
-88,-80,-69,-80,-76,-63,23
-86,-74,-79,-80,-74,-98,23
-89,-82,-81,-79,-74,-99,23
-82,-74,-84,-84,-77,-100,23
-83,-84,-79,-86,-89,-63,23
-79,-77,-85,-78,-84,-98,23
-79,-82,-90,-80,-80,-97,23
-92,-77,-84,-79,-82,-63,23
-93,-72,-75,-90,-81,-100,23
-94,-79,-71,-87,-78,-61,23
-83,-71,-66,-84,-84,-93,23
-83,-78,-70,-81,-80,-94,23
-81,-70,-69,-90,-83,-60,23
-84,-77,-72,-84,-78,-91,23
-89,-74,-68,-80,-77,-58,23
-89,-80,-71,-78,-78,-92,23
-89,-70,-67,-78,-75,-94,23
-87,-85,-84,-78,-72,-97,23
-85,-76,-72,-78,-82,-60,23
-82,-74,-74,-78,-77,-95,23
-81,-82,-76,-79,-80,-96,23
-74,-76,-82,-82,-76,-62,23
-77,-78,-78,-83,-76,-96,23
-74,-71,-66,-82,-75,-62,23
-91,-78,-69,-84,-74,-95,23
-89,-71,-65,-81,-75,-94,23
-88,-78,-69,-77,-75,-60,23
-82,-74,-71,-76,-76,-95,23
-80,-82,-77,-76,-79,-96,23
-80,-73,-71,-92,-77,-63,23
-81,-84,-75,-78,-76,-97,23
-83,-89,-74,-79,-76,-61,23
-89,-72,-74,-79,-85,-63,23
-89,-77,-70,-76,-82,-98,23
-89,-71,-74,-77,-88,-67,23
-86,-80,-72,-87,-78,-66,23
-88,-82,-74,-78,-91,-100,23
-87,-74,-72,-77,-76,-69,23
-87,-80,-79,-80,-82,-63,23
-82,-72,-81,-82,-80,-62,23
-84,-82,-84,-82,-72,-96,23
-81,-76,-80,-76,-80,-95,23
-82,-83,-96,-86,-76,-62,23
-90,-76,-88,-80,-75,-97,23
-93,-81,-92,-87,-82,-96,23
-89,-70,-66,-90,-76,-62,23
-95,-77,-69,-80,-77,-95,23
-82,-70,-66,-82,-76,-68,23
-81,-82,-69,-82,-76,-68,23
-81,-81,-73,-89,-75,-67,23
-81,-83,-76,-87,-76,-60,23
-85,-71,-71,-80,-88,-97,23
-85,-81,-77,-80,-73,-59,23
-83,-78,-85,-81,-73,-93,23
-85,-86,-82,-85,-72,-92,23
-85,-80,-87,-88,-72,-58,23
-83,-87,-89,-82,-71,-93,23
-84,-78,-79,-83,-77,-61,23
-83,-86,-82,-82,-80,-97,23
-90,-77,-78,-84,-77,-96,23
-102,-85,-69,-84,-78,-63,23
-83,-71,-73,-84,-72,-97,23
-95,-80,-66,-80,-76,-62,23
-100,-73,-69,-78,-77,-98,23
-80,-79,-66,-80,-77,-97,23
-84,-70,-69,-83,-74,-62,23
-80,-70,-72,-88,-75,-96,23
-77,-83,-76,-87,-77,-96,23
-82,-83,-73,-84,-74,-62,23
-75,-74,-67,-85,-75,-96,23
-80,-81,-70,-89,-75,-98,23
-92,-78,-66,-91,-74,-62,23
-89,-82,-69,-85,-76,-97,23
-86,-72,-67,-84,-79,-61,23
-89,-81,-76,-83,-77,-94,23
-84,-72,-76,-80,-76,-62,23
-88,-76,-75,-78,-76,-96,23
-87,-68,-76,-88,-85,-98,23
-87,-76,-76,-86,-82,-62,23
-80,-69,-76,-92,-88,-96,23
-79,-76,-79,-82,-78,-96,23
-79,-76,-77,-84,-74,-63,23
-80,-69,-82,-85,-74,-96,23
-80,-84,-70,-80,-76,-62,24
-84,-85,-72,-80,-73,-96,24
-99,-88,-70,-81,-75,-68,24
-85,-82,-64,-78,-71,-64,24
-85,-79,-68,-84,-86,-68,24
-85,-76,-71,-85,-84,-100,24
-82,-82,-74,-84,-70,-98,24
-82,-75,-70,-86,-71,-100,24
-83,-72,-71,-78,-74,-64,24
-81,-80,-72,-80,-80,-100,24
-81,-81,-74,-76,-72,-65,24
-82,-73,-75,-84,-73,-100,24
-84,-81,-78,-75,-72,-64,24
-84,-74,-74,-75,-71,-98,24
-83,-81,-77,-75,-70,-64,24
-83,-78,-74,-78,-96,-100,24
-85,-84,-77,-77,-87,-72,24
-83,-75,-76,-80,-93,-75,24
-89,-80,-78,-78,-70,-64,24
-88,-76,-76,-78,-72,-100,24
-87,-85,-81,-76,-73,-66,24
-89,-86,-81,-75,-80,-100,24
-86,-82,-87,-77,-86,-65,24
-85,-89,-83,-77,-70,-98,24
-90,-84,-77,-82,-71,-99,24
-87,-89,-80,-76,-69,-63,24
-90,-81,-76,-76,-69,-99,24
-86,-81,-72,-80,-75,-100,24
-88,-73,-69,-83,-84,-70,24
-77,-79,-71,-80,-85,-72,24
-87,-74,-69,-86,-79,-70,24
-89,-83,-73,-83,-72,-63,24
-88,-79,-74,-82,-71,-99,24
-81,-84,-70,-83,-71,-96,24
-85,-77,-68,-83,-83,-64,24
-88,-82,-80,-83,-84,-98,24
-90,-91,-83,-80,-80,-63,24
-91,-89,-75,-80,-70,-98,24
-86,-86,-78,-82,-70,-96,24
-89,-79,-76,-74,-69,-63,24
-88,-76,-82,-82,-69,-65,24
-92,-83,-80,-77,-76,-102,24
-85,-75,-72,-78,-90,-95,24
-86,-83,-72,-76,-82,-97,24
-83,-75,-70,-81,-85,-72,24
-86,-82,-72,-81,-85,-62,24
-80,-75,-72,-80,-83,-62,24
-81,-87,-69,-76,-78,-94,24
-82,-80,-72,-77,-79,-97,24
-83,-91,-71,-83,-81,-61,24
-87,-78,-75,-85,-85,-73,24
-82,-80,-74,-77,-84,-100,24
-80,-73,-71,-77,-78,-67,24
-80,-82,-75,-77,-94,-68,24
-80,-86,-76,-86,-80,-68,24
-80,-73,-76,-86,-76,-97,24
-80,-80,-78,-89,-77,-68,24
-80,-73,-77,-80,-77,-68,24
-79,-81,-86,-80,-85,-68,24
-80,-74,-78,-81,-84,-66,24
-88,-73,-82,-83,-84,-65,24
-88,-86,-76,-88,-71,-98,24
-87,-76,-72,-77,-74,-63,24
-81,-80,-72,-80,-69,-98,24
-80,-74,-70,-80,-75,-62,24
-79,-77,-73,-76,-80,-97,24
-84,-72,-70,-80,-80,-60,24
-83,-78,-67,-77,-66,-60,24
-85,-73,-74,-81,-69,-94,24
-85,-80,-71,-81,-70,-68,24
-83,-80,-74,-85,-69,-80,24
-84,-73,-73,-78,-69,-73,24
-77,-80,-82,-78,-80,-71,24
-77,-73,-79,-84,-71,-64,24
-77,-80,-84,-75,-79,-98,24
-77,-75,-69,-81,-70,-97,24
-76,-87,-72,-79,-70,-63,24
-91,-82,-70,-83,-71,-96,24
-82,-88,-75,-86,-85,-96,24
-86,-80,-71,-87,-89,-62,24
-84,-80,-73,-88,-87,-96,24
-88,-86,-82,-78,-75,-62,24
-83,-72,-84,-78,-76,-98,24
-83,-80,-81,-86,-85,-98,24
-83,-72,-76,-88,-87,-72,24
-80,-80,-84,-87,-88,-72,24
-82,-72,-72,-80,-75,-74,24
-78,-80,-73,-80,-75,-72,24
-80,-78,-70,-80,-81,-71,24
-78,-82,-72,-78,-85,-96,24
-86,-79,-68,-78,-85,-70,24
-84,-82,-71,-84,-83,-64,24
-81,-80,-69,-85,-78,-100,24
-80,-86,-72,-84,-79,-70,24
-82,-76,-69,-86,-81,-70,24
-85,-86,-71,-78,-85,-98,24
-83,-78,-71,-80,-84,-95,24
-86,-82,-75,-76,-78,-64,24
-96,-86,-73,-84,-76,-95,24
-91,-76,-76,-78,-81,-97,24
-92,-80,-78,-82,-79,-95,25
-86,-93,-71,-83,-87,-98,25
-83,-88,-71,-80,-86,-61,25
-85,-87,-70,-77,-82,-94,25
-88,-91,-66,-78,-84,-94,25
-91,-74,-72,-84,-81,-100,25
-89,-83,-67,-83,-71,-64,25
-82,-75,-70,-82,-72,-98,25
-82,-83,-71,-86,-71,-98,25
-82,-83,-74,-90,-90,-64,25
-83,-75,-71,-78,-90,-64,25
-83,-81,-76,-78,-90,-69,25
-82,-88,-73,-78,-70,-70,25
-82,-81,-75,-89,-69,-69,25
-81,-80,-72,-84,-69,-98,25
-83,-85,-75,-83,-73,-62,25
-83,-92,-72,-74,-70,-100,25
-84,-85,-79,-74,-69,-97,25
-86,-92,-76,-96,-77,-63,25
-78,-86,-78,-84,-92,-97,25
-83,-93,-75,-84,-76,-62,25
-89,-84,-78,-84,-70,-64,25
-91,-93,-75,-88,-74,-96,25
-89,-82,-74,-83,-73,-63,25
-83,-89,-68,-83,-90,-98,25
-89,-82,-68,-81,-81,-98,25
-86,-90,-72,-85,-78,-63,25
-92,-84,-69,-84,-73,-96,25
-94,-91,-71,-88,-73,-96,25
-93,-89,-68,-83,-72,-62,25
-94,-82,-78,-84,-84,-97,25
-90,-88,-75,-84,-83,-99,25
-86,-81,-78,-80,-84,-62,25
-83,-88,-75,-80,-83,-95,25
-83,-82,-75,-78,-84,-67,25
-87,-89,-78,-94,-78,-64,25
-86,-82,-75,-82,-81,-96,25
-84,-88,-70,-83,-67,-93,25
-92,-81,-67,-83,-76,-60,25
-95,-88,-70,-82,-76,-95,25
-94,-80,-66,-84,-73,-94,25
-85,-85,-70,-81,-70,-70,25
-89,-74,-67,-78,-74,-66,25
-85,-82,-69,-80,-79,-68,25
-82,-85,-70,-77,-80,-64,25
-87,-78,-70,-76,-71,-68,25
-88,-82,-72,-96,-73,-70,25
-90,-77,-71,-93,-70,-71,25
-82,-86,-77,-85,-80,-72,25
-84,-78,-75,-80,-76,-72,25
-83,-86,-76,-84,-78,-71,25
-90,-78,-73,-80,-73,-69,25
-90,-80,-74,-82,-71,-68,25
-92,-77,-71,-89,-93,-66,25
-81,-80,-74,-90,-73,-65,25
-80,-70,-73,-82,-81,-101,25
-78,-78,-74,-81,-79,-101,25
-83,-74,-78,-91,-73,-65,25
-84,-88,-74,-90,-69,-70,25
-84,-81,-77,-85,-74,-70,25
-100,-90,-72,-78,-72,-70,25
-97,-76,-70,-81,-68,-68,25
-97,-84,-71,-82,-78,-66,25
-84,-83,-68,-82,-86,-68,25
-82,-76,-71,-84,-87,-69,25
-82,-82,-68,-80,-68,-68,25
-97,-75,-72,-85,-72,-72,25
-93,-84,-75,-85,-77,-72,25
-89,-82,-76,-77,-85,-73,25
-85,-89,-80,-85,-81,-76,25
-80,-82,-75,-85,-82,-71,25
-92,-88,-76,-80,-71,-74,25
-90,-80,-71,-76,-72,-97,25
-93,-89,-74,-78,-74,-92,25
-88,-80,-72,-77,-74,-58,25
-84,-85,-78,-83,-70,-63,25
-97,-76,-78,-90,-83,-94,25
-96,-84,-77,-87,-70,-61,25
-91,-76,-80,-92,-70,-94,25
-82,-81,-76,-77,-72,-66,25
-84,-74,-82,-80,-85,-70,25
-94,-82,-78,-82,-80,-73,25
-96,-74,-77,-94,-72,-70,25
-85,-82,-80,-79,-80,-60,25
-83,-81,-76,-79,-73,-93,25
-93,-89,-76,-82,-86,-60,25
-80,-80,-73,-81,-82,-93,25
-82,-86,-67,-77,-78,-68,25
-85,-80,-72,-78,-74,-73,25
-90,-87,-68,-84,-72,-68,25
-86,-82,-74,-83,-67,-98,25
-90,-88,-76,-82,-101,-65,25
-80,-77,-88,-86,-71,-99,25
-81,-84,-84,-91,-71,-74,25
-80,-78,-74,-78,-73,-66,25
-82,-79,-66,-76,-70,-70,25
-78,-73,-70,-78,-80,-65,25
-89,-89,-71,-89,-76,-67,25
-96,-80,-71,-84,-73,-64,25
-89,-83,-78,-81,-71,-98,25
-86,-91,-76,-91,-90,-98,26
-85,-80,-73,-90,-72,-65,26
-92,-90,-80,-90,-72,-96,26
-89,-88,-73,-79,-87,-65,26
-88,-80,-82,-82,-88,-100,26
-88,-87,-78,-88,-91,-65,26
-91,-82,-82,-87,-78,-98,26
-94,-88,-77,-87,-78,-72,26
-92,-83,-76,-94,-78,-71,26
-92,-94,-80,-94,-75,-73,26
-86,-87,-84,-92,-76,-70,26
-86,-93,-96,-87,-74,-71,26
-86,-86,-92,-82,-74,-72,26
-85,-94,-95,-87,-72,-72,26
-89,-93,-95,-84,-86,-96,26
-80,-86,-91,-90,-97,-63,26
-79,-79,-82,-89,-79,-97,26
-80,-87,-86,-84,-80,-62,26
-92,-87,-85,-85,-80,-97,26
-90,-80,-88,-89,-87,-62,26
-89,-87,-82,-82,-84,-98,26
-90,-80,-83,-87,-82,-65,26
-80,-86,-76,-85,-80,-100,26
-80,-91,-74,-84,-78,-65,26
-83,-85,-77,-84,-81,-64,26
-82,-91,-75,-84,-76,-100,26
-90,-100,-78,-84,-77,-67,26
-84,-92,-74,-86,-81,-64,26
-83,-98,-77,-96,-71,-94,26
-82,-96,-76,-97,-71,-67,26
-93,-98,-72,-89,-72,-66,26
-80,-90,-78,-85,-82,-100,26
-76,-90,-79,-81,-83,-94,26
-80,-84,-76,-82,-76,-61,26
-80,-94,-74,-84,-74,-95,26
-87,-83,-78,-92,-74,-96,26
-84,-91,-72,-84,-87,-63,26
-91,-78,-68,-82,-77,-98,26
-93,-82,-66,-81,-74,-67,26
-93,-81,-73,-80,-85,-96,26
-90,-88,-67,-84,-84,-66,26
-92,-83,-69,-98,-83,-97,26
-91,-93,-67,-79,-80,-60,26
-86,-77,-64,-81,-77,-93,26
-85,-82,-78,-82,-81,-96,26
-89,-74,-74,-83,-79,-66,26
-94,-82,-77,-81,-78,-90,26
-86,-76,-73,-85,-78,-56,26
-88,-82,-76,-91,-81,-91,26
-80,-75,-73,-91,-84,-91,26
-82,-82,-77,-93,-88,-56,26
-84,-81,-73,-82,-77,-91,26
-92,-90,-73,-83,-81,-91,26
-84,-86,-70,-82,-85,-57,26
-90,-86,-73,-88,-74,-96,26
-90,-80,-74,-88,-73,-94,26
-87,-83,-71,-89,-75,-60,26
-86,-76,-73,-94,-80,-93,26
-93,-84,-77,-86,-78,-94,26
-80,-77,-80,-96,-82,-60,26
-80,-84,-91,-87,-76,-93,26
-80,-82,-93,-83,-74,-66,26
-87,-76,-89,-88,-75,-68,26
-91,-85,-84,-89,-83,-98,26
-90,-80,-90,-90,-78,-57,26
-89,-83,-66,-84,-78,-58,26
-86,-80,-75,-89,-78,-57,26
-84,-89,-78,-91,-78,-92,26
-84,-78,-74,-87,-74,-60,26
-92,-85,-77,-91,-74,-77,26
-93,-82,-80,-91,-75,-76,26
-89,-85,-74,-92,-75,-77,26
-89,-85,-72,-91,-79,-60,26
-87,-90,-68,-93,-77,-96,26
-89,-83,-70,-91,-75,-60,26
-97,-88,-78,-96,-75,-95,26
-93,-82,-76,-87,-77,-57,26
-91,-89,-74,-89,-80,-99,26
-92,-81,-76,-82,-78,-61,26
-92,-86,-76,-82,-80,-90,26
-85,-85,-82,-84,-79,-92,26
-82,-77,-77,-98,-80,-60,26
-86,-84,-79,-91,-80,-93,26
-91,-78,-95,-97,-81,-58,26
-92,-85,-90,-87,-78,-91,26
-92,-79,-81,-83,-78,-55,26
-92,-86,-68,-91,-79,-90,26
-89,-80,-76,-90,-84,-90,26
-89,-89,-77,-90,-83,-55,26
-92,-77,-73,-79,-82,-56,26
-92,-84,-80,-82,-89,-88,26
-88,-76,-89,-88,-84,-90,26
-91,-83,-78,-87,-83,-63,26
-86,-77,-75,-87,-80,-94,26
-93,-84,-80,-94,-77,-57,26
-94,-81,-72,-89,-81,-58,26
-84,-89,-72,-94,-79,-91,26
-85,-82,-74,-86,-78,-94,26
-86,-88,-69,-86,-80,-63,26
-86,-81,-71,-89,-89,-97,26
-90,-96,-72,-82,-76,-62,27
-94,-85,-64,-79,-93,-93,27
-85,-86,-70,-86,-84,-93,27
-86,-90,-65,-83,-80,-61,27
-86,-88,-64,-89,-91,-96,27
-86,-94,-67,-84,-89,-63,27
-96,-94,-63,-89,-75,-96,27
-96,-102,-67,-88,-75,-95,27
-85,-96,-65,-89,-76,-96,27
-84,-90,-68,-80,-80,-73,27
-84,-95,-68,-78,-83,-74,27
-84,-91,-71,-82,-84,-73,27
-86,-98,-68,-92,-85,-63,27
-85,-90,-71,-85,-96,-64,27
-96,-94,-68,-81,-75,-98,27
-91,-85,-71,-80,-80,-96,27
-83,-93,-67,-80,-80,-64,27
-84,-84,-70,-79,-80,-98,27
-88,-91,-69,-79,-86,-65,27
-89,-84,-72,-89,-87,-97,27
-91,-82,-69,-87,-87,-98,27
-96,-88,-72,-86,-77,-62,27
-91,-88,-69,-90,-77,-63,27
-84,-92,-72,-86,-78,-96,27
-94,-80,-69,-81,-82,-62,27
-82,-83,-71,-80,-81,-91,27
-88,-76,-66,-77,-80,-91,27
-84,-76,-71,-77,-82,-57,27
-84,-84,-68,-76,-85,-91,27
-91,-77,-72,-79,-83,-68,27
-92,-85,-69,-79,-86,-67,27
-90,-78,-66,-90,-86,-65,27
-92,-85,-69,-78,-92,-98,27
-88,-91,-65,-86,-76,-63,27
-85,-82,-69,-83,-90,-96,27
-86,-89,-70,-94,-77,-98,27
-96,-82,-73,-76,-84,-73,27
-87,-88,-73,-79,-82,-74,27
-87,-79,-70,-79,-87,-74,27
-81,-87,-67,-82,-88,-67,27
-93,-79,-70,-82,-78,-66,27
-85,-85,-70,-82,-79,-96,27
-85,-85,-71,-82,-82,-60,27
-92,-93,-69,-90,-80,-94,27
-85,-85,-70,-78,-76,-65,27
-94,-96,-72,-88,-78,-65,27
-83,-88,-68,-84,-79,-70,27
-82,-92,-71,-81,-83,-71,27
-80,-84,-68,-79,-82,-68,27
-83,-94,-71,-80,-77,-80,27
-84,-92,-68,-88,-82,-82,27
-94,-84,-70,-92,-80,-84,27
-86,-86,-73,-93,-74,-78,27
-89,-93,-70,-89,-74,-73,27
-78,-91,-72,-85,-77,-65,27
-83,-83,-64,-83,-85,-94,27
-87,-88,-72,-87,-85,-90,27
-85,-81,-69,-83,-81,-64,27
-86,-88,-72,-100,-80,-74,27
-84,-87,-69,-88,-79,-98,27
-82,-91,-72,-84,-90,-74,27
-83,-84,-70,-82,-91,-100,27
-83,-76,-70,-84,-88,-95,27
-84,-88,-71,-88,-84,-70,27
-79,-91,-68,-86,-83,-71,27
-91,-92,-71,-90,-82,-69,27
-96,-84,-71,-85,-77,-70,27
-96,-88,-73,-89,-75,-55,27
-87,-83,-71,-86,-86,-88,27
-86,-97,-73,-82,-81,-89,27
-85,-100,-70,-86,-81,-54,27
-87,-98,-73,-85,-78,-88,27
-87,-96,-69,-90,-85,-89,27
-89,-91,-67,-88,-82,-54,27
-80,-94,-69,-90,-80,-101,27
-79,-89,-66,-90,-84,-63,27
-81,-88,-68,-82,-85,-98,27
-80,-94,-66,-77,-82,-98,27
-82,-91,-69,-78,-82,-55,27
-81,-90,-69,-88,-80,-89,27
-82,-88,-73,-92,-83,-89,27
-80,-85,-70,-84,-81,-54,27
-79,-70,-73,-84,-81,-90,27
-78,-79,-70,-87,-82,-90,27
-78,-86,-72,-84,-82,-56,27
-82,-95,-70,-83,-83,-90,27
-80,-89,-69,-94,-89,-91,27
-82,-90,-70,-93,-85,-90,27
-88,-86,-68,-88,-84,-92,27
-94,-91,-69,-89,-84,-60,27
-84,-88,-64,-80,-81,-72,27
-85,-92,-68,-78,-82,-63,27
-83,-96,-72,-82,-77,-67,27
-84,-93,-68,-92,-83,-55,27
-90,-91,-72,-85,-90,-90,27
-89,-86,-71,-81,-90,-89,27
-92,-80,-69,-80,-92,-54,27
-92,-83,-72,-80,-87,-89,27
-86,-80,-69,-87,-90,-93,27
-88,-89,-72,-93,-92,-60,27
-92,-91,-82,-77,-83,-71,28
-83,-90,-85,-76,-90,-63,28
-84,-95,-73,-75,-82,-62,28
-87,-83,-73,-74,-82,-97,28
-83,-77,-72,-77,-76,-96,28
-88,-82,-74,-82,-76,-61,28
-86,-82,-84,-78,-78,-98,28
-88,-76,-82,-72,-77,-80,28
-89,-83,-79,-72,-78,-82,28
-85,-85,-81,-71,-78,-80,28
-89,-87,-78,-77,-76,-65,28
-89,-93,-81,-77,-75,-99,28
-87,-93,-77,-78,-77,-65,28
-82,-85,-73,-77,-78,-64,28
-82,-75,-70,-72,-76,-98,28
-82,-82,-73,-78,-80,-63,28
-82,-82,-70,-78,-82,-97,28
-85,-74,-76,-80,-82,-99,28
-86,-82,-72,-80,-76,-96,28
-87,-82,-76,-80,-76,-64,28
-86,-75,-72,-80,-76,-99,28
-83,-81,-76,-71,-82,-64,28
-82,-81,-75,-71,-85,-97,28
-83,-74,-72,-71,-77,-64,28
-83,-82,-73,-80,-77,-64,28
-89,-81,-70,-80,-78,-98,28
-91,-74,-73,-81,-76,-62,28
-91,-82,-70,-71,-77,-96,28
-87,-74,-73,-71,-82,-96,28
-87,-82,-70,-72,-81,-63,28
-88,-74,-73,-76,-81,-95,28
-88,-82,-72,-80,-78,-96,28
-92,-74,-74,-80,-79,-63,28
-91,-74,-73,-80,-81,-79,28
-90,-74,-76,-76,-84,-78,28
-90,-81,-72,-78,-82,-64,28
-88,-74,-76,-78,-78,-100,28
-86,-74,-73,-80,-77,-100,28
-87,-82,-76,-83,-76,-64,28
-83,-74,-78,-80,-77,-100,28
-83,-92,-81,-84,-76,-64,28
-82,-86,-78,-72,-77,-80,28
-91,-93,-81,-71,-77,-80,28
-90,-90,-78,-72,-80,-78,28
-90,-85,-82,-78,-78,-65,28
-90,-86,-80,-77,-77,-98,28
-82,-92,-82,-78,-77,-64,28
-82,-74,-70,-72,-81,-65,28
-81,-82,-73,-72,-81,-98,28
-82,-74,-70,-72,-76,-63,28
-92,-82,-73,-79,-77,-96,28
-89,-75,-70,-78,-84,-98,28
-89,-82,-73,-79,-79,-97,28
-88,-75,-70,-78,-81,-63,28
-88,-82,-78,-80,-81,-97,28
-87,-86,-81,-72,-75,-80,28
-87,-93,-78,-72,-74,-82,28
-81,-86,-82,-72,-74,-82,28
-82,-85,-80,-80,-77,-62,28
-82,-92,-82,-81,-80,-96,28
-87,-85,-80,-80,-80,-98,28
-85,-92,-73,-72,-77,-63,28
-87,-75,-70,-72,-76,-97,28
-88,-82,-73,-72,-76,-95,28
-81,-74,-73,-78,-79,-62,28
-82,-82,-70,-78,-80,-82,28
-82,-82,-73,-78,-80,-85,28
-82,-74,-70,-79,-78,-77,28
-89,-73,-76,-79,-78,-64,28
-88,-80,-72,-78,-77,-101,28
-87,-74,-75,-77,-72,-64,28
-87,-74,-72,-77,-74,-98,28
-87,-81,-72,-80,-74,-65,28
-88,-74,-82,-80,-81,-96,28
-88,-93,-79,-81,-84,-98,28
-88,-86,-82,-81,-81,-62,28
-88,-92,-79,-72,-84,-62,28
-87,-86,-82,-72,-82,-97,28
-89,-94,-78,-73,-76,-63,28
-88,-86,-76,-77,-76,-100,28
-88,-92,-73,-84,-74,-65,28
-85,-86,-76,-79,-88,-100,28
-82,-74,-74,-73,-86,-65,28
-82,-81,-76,-73,-74,-98,28
-82,-74,-73,-73,-76,-64,28
-82,-74,-72,-77,-80,-63,28
-91,-81,-76,-78,-80,-97,28
-89,-74,-78,-77,-83,-63,28
-89,-93,-80,-79,-90,-98,28
-82,-85,-77,-80,-82,-99,28
-82,-90,-82,-73,-82,-63,28
-82,-89,-79,-73,-76,-97,28
-88,-79,-89,-73,-76,-82,28
-89,-87,-73,-80,-78,-84,28
-88,-82,-69,-80,-77,-64,28
-87,-82,-73,-80,-78,-98,28
-88,-74,-70,-73,-78,-100,28
-88,-82,-73,-73,-86,-100,28
-88,-74,-70,-73,-85,-79,28
-81,-81,-73,-77,-80,-83,28
