x_data,y_data,y_fit,component_1,component_2,component_3,component_4
849.226,0.02112902541231416,0.01305471544401371,0.00017709096104365088,0.0022861453872969955,0.001143581975129546,8.645682045214203e-10
847.999,0.02172528611736517,0.01307818147688522,0.00017794675191433565,0.0022995892316282182,0.0011527481906939197,1.0542768169740802e-09
846.772,0.02141872309899174,0.01310188181741978,0.00017880874685793156,0.0023131517378283143,0.00116202379383279,1.2843542967819702e-09
845.545,0.021112114126036027,0.013125819648848847,0.00017967700584800269,0.0023268343032382278,0.0011714105148708707,1.5631109975361736e-09
844.318,0.020942587672014203,0.013149998212611536,0.00018055158958283764,0.002340638345779267,0.0011809101186665894,1.9005074820961663e-09
843.091,0.020773061217992377,0.013174420833820477,0.00018143255949595887,0.00235456530431704,0.0011905244055236412,2.3084694853223776e-09
841.864,0.020990472346747394,0.013199090884882025,0.0001823199777668095,0.0023686166390328935,0.001200255212143037,2.8012604006901664e-09
840.637,0.02120783752092013,0.013224011803686153,0.00018321390733162172,0.002382793831803039,0.0012101044126191268,3.3959212866275703e-09
839.41,0.020748107879815677,0.013249187089968473,0.00018411441189446933,0.002397098386585552,0.0012200739194834697,4.112790028428263e-09
838.184,0.020288378238711224,0.01327459946696763,0.0001850208138987833,0.002411520013720235,0.0012301574097359194,4.97534245883386e-09
836.957,0.018974123140156014,0.013300294041982852,0.0001859346572065472,0.00242608378776936,0.001240373324170682,6.013839414370316e-09
835.73,0.017659868041600805,0.013326253883860772,0.00018685527129081423,0.0024407795708970424,0.0012507155227870965,7.261986955288207e-09
834.503,0.016248878547351388,0.013352482787013287,0.0001877827230407087,0.00245560895940339,0.0012611860833884685,8.76060080409577e-09
833.276,0.015611764218655651,0.013378984589508036,0.00018871708017135087,0.0024705735737298043,0.0012717871283224119,1.0558132486613961e-08
832.049,0.0160387741971785,0.013405763264017878,0.00018965841123609614,0.0024856750588972947,0.001282520825923227,1.2712035964618221e-08
830.822,0.017239659341255032,0.013432822808681522,0.0001906067856389862,0.0025009150849540996,0.0012933893920458134,1.5290366941591382e-08
829.595,0.019405912395235727,0.013460167338052997,0.0001915622736474155,0.0025162953474328026,0.0013043950917006686,1.8373652239096518e-08
828.368,0.021572119494634147,0.013487801064911764,0.00019252494640501787,0.002531817567817201,0.0013155402408006874,2.205707225596791e-08
827.141,0.023399779186393972,0.013515728278434835,0.00019349487594477762,0.0025474834940191595,0.0013268272080317518,2.6453005912131738e-08
825.915,0.025227438878153794,0.013543930275773164,0.0001944713357356699,0.002563281954911654,0.0013382490410725639,3.1689338665554135e-08
824.688,0.02643439002709096,0.013572457548434613,0.00019545599249883055,0.002579240523866133,0.0013498268513026013,3.793064818653997e-08
823.461,0.027641295221445848,0.013601291862869402,0.0001964481275524442,0.002595348204362477,0.0013615539211198546,4.535677236571683e-08
822.234,0.02820331976270009,0.013630437959363917,0.00019744781662187736,0.002611606854978245,0.0013734328519357558,5.418371888146352e-08
821.007,0.02876534430395434,0.013659900730999652,0.00019845513639091576,0.0026280183632613956,0.001385466309670424,6.466514652824326e-08
819.78,0.02856962373803432,0.013689685194549384,0.00019947016451631844,0.0026445846462723743,0.0013976570277092495,7.709860356163135e-08
818.553,0.0283739031721143,0.013719796523218974,0.00020049297964263015,0.002661307651138068,0.00141000781011725,9.183274104470015e-08
817.326,0.028178136651612003,0.013750240075751208,0.00020152366141725669,0.002678189355617867,0.001422521535140123,1.0927564340020505e-07
816.099,0.027982416085691984,0.013781021378235891,0.00020256229050580828,0.002695231768682183,0.0014352011590242216,1.299044374184421e-07
814.873,0.02861700291236246,0.013812120621878421,0.00020360809229410823,0.0027124228421401653,0.0014480391790389422,1.5425480568288464e-07
813.646,0.029251543784450655,0.013843594482750632,0.0002046628555134907,0.00272979269191546,0.001461059661128352,1.830160772712133e-07
812.419,0.029886130611121126,0.013875423886929639,0.00020572581424168504,0.0027473294687007524,0.001474255419926259,2.1692748014076837e-07
811.192,0.0305207174377916,0.013907615266361972,0.00020679705337522716,0.0027650353123278323,0.0014876297695199045,2.5687077130542927e-07
809.965,0.03060536577834682,0.013940175300376723,0.00020787665890978263,0.0027829123969293455,0.0015011861272794383,3.038712395885687e-07
808.738,0.03069001411890204,0.013973111043014796,0.00020896471795721903,0.0028009629315988048,0.0015149280204990092,3.591197537414268e-07
807.511,0.030774662459457255,0.014006429828441469,0.00021006131876298792,0.002819189161065415,0.0015288590937074416,4.239979736909677e-07
806.284,0.030859310800012474,0.014040139398275642,0.0002111665507238225,0.0028375933663840943,0.0015429831167223789,5.001071422814423e-07
805.057,0.030782704511355823,0.014074247916141758,0.00021228050440575742,0.0028561778656410962,0.0015573039935295218,5.893009242709984e-07
803.831,0.03070614417728145,0.014108735740592238,0.0002134023528981338,0.002874929644509864,0.0015718138539569987,6.936308626244895e-07
802.604,0.0306295378886248,0.014143668264296139,0.00021453401919277004,0.0028938816858563973,0.001586540568049535,8.157412032154853e-07
801.377,0.03055297755455043,0.014179027308273362,0.00021567468603032912,0.0029130212028870613,0.0016014767523933673,9.584096528116063e-07
800.15,0.02990000889496894,0.014214823251677444,0.00021682444883991072,0.0029323506691628512,0.0016166269561415155,1.1249280565664399e-06
798.923,0.029247040235387455,0.01425106727037928,0.00021798340431507316,0.0029518725990519187,0.0016319959228701488,1.3190859888336958e-06
797.696,0.028594071575805968,0.014287771307863295,0.00021915165043393282,0.002971589548537598,0.0016475886066535327,1.5452411164667256e-06
796.469,0.02794110291622448,0.014324948249850422,0.0002203292864796361,0.0029915041160451013,0.0016634101898205496,1.8083987289219138e-06
795.242,0.027449342931272585,0.014362612018885557,0.0002215164130612123,0.00301161894328739,0.0016794661025675741,2.1143015105893405e-06
794.015,0.026957628900902968,0.01440077767620096,0.00022271313213481425,0.0030319367161306893,0.0016957620446190218,2.4695307396785768e-06
792.789,0.02646586891595107,0.01443942985497415,0.00022391855982601417,0.0030524433544579016,0.0017122904256491,2.8812589543365963e-06
791.562,0.025974108930999173,0.01447864939837018,0.000225134767218805,0.0030731750861324445,0.0017290845173519914,3.3587658905847535e-06
790.335,0.02633990740592835,0.014518424413836328,0.00022636088118616328,0.0030941180925671305,0.0017461376009713246,3.911577733123939e-06
789.108,0.026705705880857522,0.01455877614353085,0.00022759700929203482,0.003115275245269264,0.0017634567193160337,4.550917742127402e-06
787.881,0.02707145840120442,0.014599727885070024,0.00022884326055980082,0.0031366494645401776,0.0017810493317398706,5.2895751982635265e-06
786.654,0.027437256876133593,0.014641305180703057,0.00023009974549603192,0.003158243720470316,0.0017989233532072042,6.142107239682648e-06
785.427,0.0276418007218509,0.014683536122902296,0.00023136657611469148,0.0031800610339579828,0.001817087197330664,7.1250642266867136e-06
784.2,0.02784639052215048,0.014726451656315476,0.00023264386596180022,0.0032021044777524096,0.0018355498237590054,8.257241023751874e-06
782.973,0.028050934367867788,0.014770085908821784,0.0002339317301405715,0.0032243771775218115,0.0018543207903249136,9.559956783451313e-06
781.746,0.028255478213585095,0.014814476529863896,0.00023523028533702686,0.0032468823129471014,0.001873410310395948,1.1057366021289225e-05
780.52,0.028087192533284764,0.014859627979603829,0.00023653857828575284,0.0032696044883317693,0.0018928133522183364,1.2775304121368924e-05
779.293,0.027918906852984433,0.014905659900250612,0.00023785886308134546,0.0032925840596817126,0.001912573279822753,1.4747449906903805e-05
778.066,0.0277506211726841,0.01495258676004596,0.00023919019861335172,0.003315805938390877,0.001932686985491533,1.7007379446453413e-05
776.839,0.027582381446966047,0.015000464929471491,0.00024053270816378896,0.0033392735316183394,0.0019531679990600023,1.9594431253198278e-05
775.612,0.027897767745136765,0.015049356883537257,0.00024188651673312956,0.0033629903064139066,0.0019740308887456408,2.2552916529506078e-05
774.385,0.028213154043307487,0.015099331845704,0.00024325175106903153,0.0033869597909813886,0.0019952913611629257,2.5932689031772334e-05
773.158,0.028528540341478205,0.01515046651911689,0.0002446285396956298,0.0034111855759729835,0.002016966370763024,2.978977214650296e-05
771.931,0.0288439725942312,0.015202845872408943,0.000246017012943399,0.0034356713158155924,0.0020390742394887913,3.418704786018764e-05
770.704,0.028073360204019224,0.015256564089213498,0.00024741730297960207,0.0034604207300700076,0.0020616347874893135,3.919501255467751e-05
769.478,0.02730274781380725,0.015311679904698394,0.0002488283879660708,0.0034854171062310623,0.0020846505033814645,4.488765721630708e-05
768.251,0.026532135423595275,0.015368398697319208,0.0002502527056774024,0.003510705072818428,0.002108182174124962,5.13624903276059e-05
767.024,0.025761523033383298,0.015426803998707328,0.00025168924790007436,0.0035362682741815234,0.002132236444773172,5.871377377157742e-05
765.797,0.025047342870208135,0.01548703732987633,0.0002531381544635468,0.003562110704640501,0.002156840687546941,6.70515323207199e-05
764.57,0.024333116752450694,0.015549255251244176,0.00025459956719553337,0.0035882364309705633,0.002182024625754011,7.649837478390504e-05
763.343,0.02361893658927553,0.015613630795996869,0.0002560736299562493,0.0036146495939788767,0.0022078205518558324,8.719076727445438e-05
762.116,0.02290475642610037,0.015680355125368806,0.00025756048867334126,0.003641354410121505,0.002234263564183328,9.928041403871253e-05
760.889,0.02282139481384892,0.0157496392930625,0.0002590602913775203,0.003668355173161564,0.002261391823647093,0.00011293575233026089
759.662,0.022737987247015198,0.01582171609334182,0.0002605731882389076,0.0036956562558697224,0.002289246831856387,0.00012834356789016954
758.436,0.02355749531277047,0.015896779626928037,0.00026209808236818155,0.003723239487789954,0.0023178500739936036,0.00014569572514843733
757.209,0.024376957423943465,0.015975234768120572,0.00026363761581278536,0.0037511543989867373,0.002347297286564076,0.0001652492106603807
755.982,0.025434280452984976,0.016057332588388817,0.0002651907070072526,0.003779383236075815,0.002377618885465246,0.00018724350730924845
754.755,0.026491557527444212,0.016143415039550746,0.0002667575150558362,0.0038079307056841953,0.0024088729938678286,0.00021195756935208382
753.528,0.027355365810515026,0.016233857717452338,0.00026833820139523086,0.0038368016026280563,0.0024411228413796296,0.00023969881282262528
752.301,0.02821922004816812,0.016329072790540522,0.00026993292983557504,0.0038660008118950357,0.002474437204161826,0.0002708055900770292
751.074,0.028667874634943687,0.016429512135800906,0.0002715418666022936,0.003895533310678467,0.0025088908782682395,0.00030564982839477196
749.847,0.029116529221719256,0.016535670634766575,0.0002731651803787993,0.003925404170465122,0.0025445651881511105,0.0003446398376192143
748.62,0.028920303155394185,0.016648089684167644,0.000274803042350076,0.0039556185591781085,0.0025815485323314336,0.00038822329124067935
747.393,0.028724031134486835,0.016767360972153256,0.00027645562624716073,0.003986181743376516,0.0026199369682812883,0.00043689038463101475
746.167,0.02811669537510694,0.016894023905479116,0.0002781217432869607,0.00401707374732133,0.0026598016773123007,0.0004911304863177127
744.94,0.027509313661144768,0.01702898898656713,0.00027980429027949996,0.00404835043270702,0.002701320908154459,0.0005516170966235303
743.713,0.026708463155794174,0.017172923224279657,0.0002815020959769241,0.0040799923233679255,0.0027445857336895006,0.0006189468147477106
742.486,0.02590761265044358,0.017326661331026116,0.0002832153447558362,0.004112005103511715,0.0027897295453192545,0.0006938150815082493
741.259,0.024772212786112538,0.01749111039316631,0.00028494422377554267,0.004144394567892296,0.002836896979583463,0.0007769783701515411
740.032,0.02363685887636377,0.01766725501875044,0.0002866889230284055,0.004177166624388339,0.0028862447831472095,0.0008692584303216282
738.805,0.022501459012032727,0.017856162623502314,0.000288449635391258,0.004210327296651929,0.002937942732075989,0.0009715467047159196
737.578,0.021366059147701684,0.018058989058772568,0.00029022655667790634,0.004243882726829502,0.002992174607532786,0.0010848089116739714
736.351,0.020270961452028037,0.018276984337717295,0.0002920198856927474,0.004277839178357365,0.0030491392299857004,0.0012100897849386474
735.125,0.01917590971093667,0.01851130039358395,0.00029382834237469705,0.004312174864785887,0.0031090014636546873,0.0013483994640057831
733.898,0.017887343223874603,0.01876377495500492,0.0002956550817083524,0.0043469523088901195,0.0031720910437759565,0.0015011802674721243
732.671,0.016598776736812534,0.01903579296413227,0.00029749884350946154,0.004382150316046167,0.0032386111175476194,0.0016696364312689792
731.444,0.01565537511723703,0.01932904276327463,0.0002993598391015336,0.0044177756642692755,0.0033088322272825516,0.0018551787757941614
730.217,0.014711927543079248,0.01964533859063522,0.0003012382830843765,0.004453835268042232,0.003383046069739061,0.0020593227209579168
728.99,0.014413406576604384,0.019986627405160107,0.0003031343933949884,0.004490336181610081,0.003461566920252951,0.0022836936518952655
727.763,0.01411488561012952,0.020354995685920585,0.0003050483913697662,0.0045272856023675255,0.0035447331270696703,0.002530032310733755
726.536,0.014304080625366129,0.020752676497068023,0.0003069805018080674,0.004564690874342031,0.003632908676847504,0.0028002001839324956
725.309,0.01449327564060274,0.021182056385441683,0.0003089309530371538,0.004602559491775696,0.0037264848320457625,0.0030961848514038143
724.083,0.014489001864450929,0.021645289914886234,0.0003108983646062253,0.0046408676623027325,0.0038257983422024405,0.003419829289440936
722.856,0.014484728088299117,0.02214584537432529,0.00031288618141795625,0.0046796856793227355,0.003931461915830238,0.0037739153495179073
721.629,0.01387987387636221,0.02268624795397045,0.00031489304564407056,0.004718990456624201,0.004043880587933383,0.0041605876050145535
720.402,0.0132750196644253,0.023269567340321373,0.0003169192003987013,0.004758790127079908,0.004163572514754477,0.004582389241793674
719.175,0.012863634243876812,0.02389906082316884,0.0003189648926705672,0.00479909299328101,0.00429109239489125,0.005042014285835038
717.948,0.012452248823328323,0.024578179516538512,0.00032103037339698204,0.004839907531782848,0.004427033534476907,0.005542311821605891
716.721,0.012750264289398135,0.02531057437226991,0.0003231158975395144,0.004881242397474576,0.0045720299792868305,0.006086289839629447
715.494,0.013048279755467945,0.026100101767951855,0.0003252217241613341,0.004923106428076633,0.004726758711211815,0.006677118652385205
714.267,0.013346295221537756,0.026950828741973964,0.00032734811650629044,0.004965508648770382,0.0048919419059628745,0.0073181338147070675
713.041,0.013644310687607568,0.02786626302622608,0.0003294935835436328,0.005008423047765865,0.005068200688012952,0.008012249455179468
711.814,0.01369646913849257,0.02885239658280625,0.00033166189688279185,0.005051929040307693,0.005256641576550863,0.008764267819770683
710.587,0.01374862758937757,0.0299132344116515,0.00033385159135142987,0.00509600146370261,0.0054579972976362195,0.009577487807662446
709.36,0.014187677668457134,0.031053726477694,0.00033606294773940446,0.005140650141902766,0.005673194413120783,0.010455922718673018
708.133,0.014626773702118977,0.032279050206852844,0.00033829625144014765,0.0051858851116084684,0.005903216728790217,0.011403755856247463
706.906,0.015287554640687645,0.03359461149011622,0.00034055179254111057,0.0052317166277898,0.006149107816576783,0.012425339003920942
705.679,0.015948335579256314,0.03500604474902502,0.00034282986591627657,0.005278155169375132,0.006411973556786956,0.013525189901868866
704.452,0.016415647726436562,0.03651921181153739,0.0003451307713207994,0.0053252114451123635,0.006692984691281029,0.01470798864841896
703.225,0.016882959873616807,0.03814019979472505,0.0003474548134878203,0.005372896399608804,0.006993379377655691,0.01597857295231612
701.998,0.017708993490055492,0.039875317670521326,0.0003498023022275211,0.005421221219555938,0.00731446573357232,0.017341932163141546
700.772,0.018535027106494174,0.04172952812950825,0.0003521716102077079,0.00547015715646506,0.007657335309732637,0.01880196779627546
699.545,0.020005987330615774,0.04371258838727954,0.0003545669225821285,0.005519795722837855,0.008024001988444539,0.020366327495230735
698.318,0.021476901600155095,0.04582997640318354,0.00035698664217972384,0.005570109222549439,0.008415728209847753,0.022039256073409286
697.091,0.023717692986589954,0.048088826744788093,0.0003594311001516858,0.005621109876582416,0.008834126679632535,0.02382626283533493
695.864,0.025958484373024813,0.05049645749022602,0.00036190063325709933,0.005672810182129557,0.009280892189739912,0.02573295822965919
694.637,0.029182795729363463,0.05306035780085949,0.0003643955839767154,0.005725222920072474,0.009757803822779283,0.02776503921289071
693.41,0.03318093629667351,0.055788173754990567,0.00036691630062941053,0.005778361162695991,0.01026672704405869,0.02992827299468888
692.183,0.03765447701764466,0.058687692471721675,0.0003694631374914087,0.005832238281646827,0.010809615662793103,0.032228479134428833
690.956,0.04212801773861581,0.06176682427758351,0.0003720364549183363,0.005886867956145292,0.011388513643157723,0.03467150996805883
689.73,0.04592450959889204,0.06503084217183641,0.0003746344893147004,0.005942218717784913,0.012005037727569539,0.03726105498314781
688.503,0.04894694247528549,0.06849316144143813,0.0003772618515460283,0.005998395171648191,0.012662421117845582,0.0400071870454651
687.276,0.051179416082328115,0.07215935221756808,0.0003799168128384512,0.00605536713818845,0.013362500188134329,0.04291367182619425
686.049,0.05341188968937074,0.07603760302299634,0.000382599759139769,0.006113149614144008,0.014107693828180716,0.04598626356699804
684.822,0.056579539045761185,0.08013610887064715,0.000385311083132648,0.006171757949007663,0.014900517150937112,0.04923062642842944
683.595,0.06052106356770532,0.08446304233802948,0.000388051184375382,0.006231207854962741,0.015743581952297726,0.05265230509174473
682.368,0.06532101968659379,0.08902652288452373,0.0003908204694460787,0.00629151541714488,0.01663959686435366,0.056256693877023964
681.141,0.07012097580548227,0.09383458434967906,0.0003936193520903672,0.0063526971042416865,0.017591367177693225,0.060049004460515816
679.914,0.07566263888233014,0.09889514088717988,0.000396448253372721,0.006414769779442902,0.01860179430802688,0.06403423228984509
678.688,0.08120430195917804,0.10421150679030688,0.00039930525895928774,0.0064776990079698,0.01967297520556635,0.06821363106228333
677.461,0.08769308897676589,0.10979991597196204,0.0004021954654161169,0.0065416051219476055,0.02080974569313035,0.07259847343756924
676.234,0.09495575115990744,0.11566347465122817,0.00040511699882211455,0.0066064552807105865,0.022014440174354045,0.07718956594370181
675.007,0.10276711105544274,0.1218092476738093,0.00040807031109978625,0.0066722680420786525,0.023290331177554798,0.08199068188592953
673.78,0.11135188657070896,0.12824398852535523,0.00041105586230488176,0.006739062418854663,0.02464077849035518,0.0870051954953096
672.553,0.12037690698419395,0.13497409774572589,0.00041407412080166214,0.006806857892175415,0.026069225976404566,0.09223604350370909
671.326,0.12940192739767895,0.1420055806665914,0.00041712556344255917,0.006875674425318207,0.02757919786799947,0.09768568655490241
670.099,0.1382821908769897,0.14934400459969766,0.00042021067575235703,0.006945532477980836,0.02917429451311788,0.1033560706750553
668.872,0.1471619948104777,0.15699445582504268,0.0004233299521170251,0.007016453021053419,0.030858187556567572,0.10924858903899089
667.646,0.1549660019728486,0.16495487338397652,0.0004264813112720446,0.007088398421196683,0.03263312805235976,0.11535896934563476
666.419,0.1627700091352195,0.1732422359928023,0.00042967040643909093,0.007161508068942748,0.03450580632304024,0.12169735494252003
665.192,0.17023533102620497,0.18185356653339113,0.00043289520351749066,0.007235746323780464,0.036478663486683535,0.12825836526600004
663.965,0.17770065291719045,0.19079160020919517,0.00043615623431610275,0.00731113635914146,0.03855559620756281,0.13504081515428445
662.738,0.18575832937373332,0.20005838042197865,0.0004394540405235554,0.0073877019415776145,0.040740539268821784,0.14204278892492947
661.511,0.19458988099582988,0.20965521935431752,0.0004427891739279464,0.007465467448919659,0.04303745702446211,0.14926160945040218
660.284,0.20476008959967104,0.21958265997091075,0.0004461621966422246,0.007544457889081869,0.04545033419366791,0.15669380943582586
659.057,0.21621978378221982,0.229840440035332,0.0004495736813354265,0.007624698919539147,0.04798316599404192,0.16433510518592515
657.83,0.2291141800234732,0.24042745809128974,0.00045302421146993364,0.007706216867503686,0.05063994761335293,0.17218037314541812
656.603,0.24278291097610305,0.25134174190316116,0.0004565143815449345,0.007789038750829902,0.053424663022629895,0.18022362949196236
655.377,0.25674161534290413,0.2625711289510946,0.0004600419035183882,0.007873123164996693,0.05633884134044038,0.1884512262860128
654.15,0.27070031970970526,0.27413014337435015,0.0004636131488172297,0.007958635723988286,0.05939115925778182,0.19686883899140273
652.923,0.2849535929489053,0.2860050123890687,0.000467225885788933,0.008045537612236713,0.06258317084913875,0.20546118177846612
651.696,0.29920686618810544,0.29819002311705844,0.00047088075563523355,0.008133858834207457,0.06591869052780332,0.2142186967444476
650.469,0.3144922793452589,0.3106784794617852,0.0004745784119114848,0.008223630201531532,0.06940145603497842,0.2231309185605379
649.242,0.3305515676679661,0.32346269032132113,0.00047831952081143537,0.008314883358957473,0.07303511356313365,0.23218647762903968
648.015,0.3475781999476154,0.33653396206500474,0.00048210476145963733,0.00840765081127212,0.07682320234464622,0.24137310788868666
646.788,0.36537870739281836,0.3498825951901381,0.0004859348262117276,0.008501965951231476,0.08076913873982232,0.2506776594146638
645.561,0.3831787552921986,0.3634978855625377,0.0004898104209628089,0.008597863088544516,0.08487619986270707,0.2600861159323712
644.335,0.40097926273740153,0.37735672549752053,0.0004937290501474234,0.00869529733786888,0.0891439580021007,0.2695758448528581
643.108,0.41803392731224015,0.39146904071822064,0.0004976978397377316,0.008794463855771003,0.09358232118502598,0.27914666158056806
641.881,0.4350890514329015,0.40580996534845326,0.0005017143608439157,0.008895321077692416,0.09819063304868957,0.28877440060382814
640.654,0.4512407084659866,0.42036488213852863,0.0005057793767616027,0.008997907292812798,0.10297144250022026,0.2984418567148527
639.427,0.46739098686160324,0.4351182454447553,0.0005098936659981621,0.00910226186960715,0.10792707205797344,0.30813112159454453
638.2,0.482753603716983,0.4500536108535016,0.0005140580226352766,0.00920842529217359,0.11305959975145578,0.3178236315316515
636.973,0.4981162205723628,0.4651536696255789,0.000518273256701553,0.009316439197979375,0.1183708409466403,0.32750021997273254
635.746,0.5128354732758571,0.48040028778632404,0.0005225401945554934,0.009426346417088009,0.12386233016774958,0.33714117474633704
634.519,0.5275501305211237,0.4957745497049473,0.0005268596792791591,0.009538191012933456,0.12953530298995625,0.34672629976730696
633.293,0.5417684782777927,0.5112441497512918,0.0005312289852113619,0.009651924736052333,0.13538583152380823,0.3562272682458296
632.066,0.5559868260344619,0.5268140073567338,0.0005356561172455574,0.009767779749498332,0.14142404363544242,0.3656386315982715
630.839,0.5701546237506259,0.542450590768567,0.000540138429103705,0.009885712122921907,0.14764547397621833,0.3749313699936255
629.612,0.5850944584490523,0.558132379745075,0.0005446768349094234,0.010005771293245796,0.15404998574741577,0.3840840496149223
628.385,0.6007971392132858,0.573837352276314,0.0005492722676504549,0.01012800816034584,0.16063705654511826,0.3930751190441232
627.158,0.6164952245192916,0.5895430512282474,0.0005539256796440186,0.010252475138687088,0.1674057623906623,0.4018829917578272
625.931,0.6322116916582083,0.6052266536935349,0.000558638043015489,0.010379226211070814,0.17435476241992673,0.41048613076839585
624.704,0.6471561218148626,0.6208650428670808,0.0005634103501908495,0.010508316984590423,0.18148228432019287,0.4188631349582154
623.477,0.6609470919563507,0.6364348818569852,0.0005682436144033618,0.010639804748898992,0.18878611060305242,0.42699282663272603
622.25,0.67344673833584,0.651912689267192,0.0005731388702149263,0.010773748536896647,0.19626356580109242,0.43485433979904226
621.024,0.6849491702799069,0.6672624492566683,0.0005780931070930017,0.010910096931410306,0.2039052031713648,0.44242115978774715
619.797,0.696447006765746,0.6824856788516627,0.0005831154850926328,0.011049135028833599,0.21171986563063536,0.44968566645032865
618.57,0.7078529340870301,0.697546355855593,0.0005882030908855088,0.011190817300228955,0.2196972739094607,0.4566221653042851
617.343,0.7192542659500863,0.7124211940463283,0.0005933570498532637,0.011335210409193329,0.22783281445736775,0.4632119158729381
616.116,0.7309956617219965,0.7270871498803899,0.0005985785115503439,0.011482383106439953,0.23612136853784263,0.46943692346853694
614.889,0.7427416529521342,0.741521498785005,0.0006038686503242925,0.011632406307611786,0.24455730669686698,0.4752800208798497
613.662,0.7539775483189914,0.7557019099185709,0.0006092286659545057,0.011785353174448546,0.25313448470185307,0.48072494712226654
612.435,0.7644460021618138,0.7696065190029913,0.0006146597843100962,0.01194129919947091,0.2618462410130404,0.48575642274574526
611.208,0.7741056553565516,0.7832139988640847,0.0006201632580275061,0.012100322294353857,0.2706853958439222,0.4903602212130967
609.982,0.782988676110799,0.7964929311601736,0.0006257357915524121,0.012262369397681551,0.2796369038855233,0.49452002583265997
608.755,0.7906630913511473,0.8094449386662745,0.00063138778286412,0.01242778783366265,0.2887071612143712,0.4982307055807138
607.528,0.7983329111332678,0.8220397352270084,0.0006371160540359556,0.012596532461402623,0.29788019099991464,0.5014779994545854
606.301,0.805763767087545,0.8342587858824118,0.000642921971944553,0.012768691830941805,0.3071467649045762,0.5042525109224284
605.074,0.8131946230418224,0.846084396551305,0.000648806933942147,0.012944357415301927,0.316497157026287,0.506546178915371
603.847,0.8211447657758358,0.8574997625291871,0.0006547723686678043,0.013123623725170806,0.325921153330532,0.5083523168476036
602.62,0.8290949085098493,0.8684890124059166,0.0006608197368837243,0.013306588428776817,0.3354080628886755,0.5096656450935135
601.393,0.8370450512438627,0.8790372468902206,0.0006669505323374823,0.013493352477217318,0.34494673092667116,0.5104823167010988
600.166,0.844999789436104,0.8891305726137944,0.0006731662826511401,0.01368402023552083,0.3545255536819054,0.5107999361663978
598.94,0.8533221642865655,0.8987484795688943,0.0006794633782577349,0.013878539293409407,0.36412465734367216,0.510617923298432
597.713,0.8616491345952547,0.907894863797992,0.0006858536887945039,0.014077338507148042,0.3737472597684095,0.5099365155812038
596.486,0.8710054875469607,0.9165509610902518,0.0006923337482711388,0.014280376316664956,0.38337269779164124,0.5087576569777149
595.259,0.8811384729391571,0.9247071320642135,0.0006989052292392702,0.01448777217537507,0.39298775631960975,0.507084802088223
594.032,0.8918918451921002,0.9323548319662223,0.0007055698430076294,0.014699649702747088,0.402578872186108,0.5049228439741483
592.805,0.9034218498855335,0.9394866122747771,0.0007123293407138889,0.01491613685658692,0.41213215951192955,0.5022780903124716
591.578,0.9152919184878208,0.9460961173354008,0.0007191855144309767,0.01513736611351221,0.42163343672192355,0.49915823273428056
590.351,0.9279340240723705,0.9521780758550449,0.0007261401983091563,0.015363474658055265,0.43106825518763364,0.4955723095560479
589.124,0.9408794298999519,0.957728287725331,0.0007331952697552101,0.015594604580856477,0.44042192946326064,0.49153066215637176
587.898,0.9538294311857611,0.9627397373405984,0.000740346775226242,0.015830708358631648,0.44967206732328513,0.4870487186248674
586.671,0.9659890136563968,0.9672184860719426,0.0007476083473837763,0.016072323582980688,0.45881870684636405,0.4821319510409771
585.444,0.9768572723650336,0.971159118176729,0.0007549762095857586,0.016319417891765033,0.4678390629712928,0.4767977648554174
584.217,0.9856759567040925,0.974561500683194,0.0007624524248098759,0.016572155176738615,0.4767178361878573,0.4710611606455753
582.99,0.9921693391799081,0.9774264451916679,0.0007700391057935747,0.016830705381072633,0.4854396641455372,0.464938140303494
581.763,0.9965671927038682,0.9797556730045471,0.0007777384164680504,0.01709524476344527,0.4939891608211333,0.458445632747034
580.536,0.9991636266025489,0.9815517781426024,0.0007855525734408669,0.017365956175325294,0.5023509570776775,0.45160141605469434
579.309,1.0,0.9828181885604863,0.0007934838475292286,0.017643029352184203,0.5105097425835,0.44442403652452594
578.082,0.9995450496354524,0.9835591262672096,0.0008015345653460719,0.01792666121941699,0.5184503090548229,0.4369327251717193
576.855,0.9982031758329484,0.9837795665443991,0.000809707110941255,0.01821705621379779,0.5261575947765799,0.42914731218945
575.629,0.9960892650481818,0.9834856448869687,0.0008179971143544994,0.01851418136627346,0.5336107562048675,0.4210948139518757
574.402,0.9941545771342977,0.9826832364778966,0.0008264206015999572,0.018818741720765475,0.5408073314579492,0.4127828464353769
573.175,0.9922198892204134,0.981379362201551,0.0008349734285681258,0.01913072685710594,0.5477267948389466,0.40423897082677923
571.948,0.9908826108761372,0.9795816045843821,0.0008436582266067208,0.01945037480723156,0.5543551389889367,0.39548453630390407
570.721,0.9895453325318609,0.97729810067176,0.0008524776936235843,0.019777932987081314,0.5606787421586201,0.3865410515757839
569.494,0.9882080541875846,0.9745375060956576,0.0008614345961167487,0.020113658631674587,0.566684418441776,0.3774300981698873
568.267,0.9868707758433084,0.9713089609358576,0.0008705317712812362,0.02045781925312128,0.5723594683695131,0.3681732452857861
567.04,0.9844995193977877,0.9676220577784989,0.0008797721291968181,0.020810693122897357,0.5776917295943258,0.35879196667385643
565.813,0.9813562259700043,0.963486812011979,0.0008891586551013756,0.021172569779802367,0.5826696273481481,0.3493075599733195
564.587,0.977353581853631,0.9589175369983423,0.0008986865785432888,0.021543444181697242,0.5872786166338164,0.3397488933440329
563.36,0.9725743052967675,0.9539175524369057,0.0009083745832029396,0.021924234833358206,0.591515971875305,0.33012107489129355
562.133,0.9675422785373774,0.9485015365717118,0.0009182181839795493,0.022314969717880623,0.5953682655770746,0.3204521868376753
560.906,0.9625056563197596,0.9426809441793012,0.0009282206913088602,0.02271598907991682,0.5988267591877462,0.3107620789689291
559.679,0.9572484521072097,0.9364675374999933,0.0009383855036322006,0.023127647411984836,0.6018835365571602,0.3010700717650295
558.452,0.951986652436432,0.9298733685900515,0.0009487161103121465,0.023550314151585136,0.6045315441374518,0.29139489793935586
557.225,0.9454702926694776,0.922910763118125,0.0009592160946838425,0.023984374416719047,0.6067646277453335,0.2817546486031208
555.998,0.9376626091405245,0.915592304780148,0.0009698891372529339,0.024430229782107026,0.6085775653856274,0.27216672422182064
554.771,0.9287382292622273,0.9079308205291454,0.0009807390190524285,0.024888299098546878,0.6099660956654412,0.2626477904929464
553.545,0.9190372169434398,0.8999460096201801,0.0009917605606126804,0.02535863044946899,0.6109263331122009,0.2532213892400664
552.318,0.9085319994347955,0.8916381064445886,0.001002975731719114,0.025842446825448763,0.6114575706609857,0.24388721697046373
551.091,0.898026781926151,0.8830269590580428,0.001014379721185449,0.02633984586114364,0.6115575903823973,0.23466724684270868
549.864,0.8867127637694221,0.8741262183357321,0.001025976749332917,0.026851324644575087,0.6112261548457252,0.22557486584329134
548.637,0.8754033410709208,0.8649497017468093,0.0010377711567319745,0.02737740237930936,0.610464050590191,0.21662258135815196
547.41,0.8631840176433244,0.8555113760703534,0.0010497674088791261,0.027918621522939856,0.6092730836349028,0.20782200724967798
546.183,0.8509692896739557,0.8458253393218911,0.0010619701011792989,0.028475548990532264,0.607656069216514,0.19918385476350303
544.956,0.8381755339678901,0.8359058016976633,0.0010743839642675566,0.02904877742694321,0.6056168159232308,0.1907179281258328
543.729,0.8253771828035968,0.8257670658204006,0.0010870138697086137,0.0296389265521533,0.6031601044814702,0.1824331246661269
542.503,0.8121928131481722,0.8154320159301278,0.0010998542712314556,0.030246141960891648,0.6002941652004702,0.1743439582376384
541.276,0.7990084434927476,0.8048982085419993,0.0011129312843391353,0.0308720919638466,0.597020959650121,0.16644432938978293
540.049,0.7856770191740348,0.7941884486499475,0.0011262398592811632,0.031516998316727766,0.593350179605286,0.15874713461238185
538.822,0.7723501903135498,0.783317202462058,0.0011397854974138737,0.032181604084342716,0.5892901875790635,0.15125772904852808
537.595,0.7597126801872277,0.7722989253306878,0.0011535738769390107,0.03286668738916196,0.584850145682275,0.143980622129627
536.368,0.7470751700609057,0.7611480417872372,0.001167610862027975,0.033573063295614367,0.5800399711410279,0.13691950023387756
535.141,0.7353613470383622,0.7498789264318475,0.0011819025127874632,0.03430158580355342,0.5748702896742347,0.13007725219456534
533.914,0.7244195609980812,0.73850588589994,0.0011964550961726416,0.035053149957167296,0.5693523872198909,0.12345599737507001
532.687,0.7138959616565259,0.7270431419237866,0.0012112750979679026,0.035828694075890344,0.5634981604697153,0.11705711602408096
531.461,0.7033723623149705,0.7155142465162498,0.001226356820818589,0.03662853926223896,0.5573252301381756,0.110886224041809
530.234,0.6925822263962054,0.7039143898255134,0.0012417318273780158,0.03745502168468244,0.5508364843031832,0.10493325575301012
529.007,0.6810200534951777,0.692266826674313,0.0012573951554658571,0.038308582062591155,0.544050253713355,0.09920269948654216
527.78,0.668396329743539,0.6805852991565189,0.0012733543122292498,0.03919035676541285,0.5369803731863177,0.09369331863916422
526.553,0.6549959735514099,0.6688834019187198,0.0012896171049397898,0.04010153866815146,0.529641036432026,0.0884033134631078
525.326,0.6411268806200501,0.6571745741675841,0.001306191662904902,0.04104338026632795,0.5220467468039225,0.0833303591771592
524.099,0.6272623831469178,0.6454720930378244,0.001323086461835379,0.04201719696555242,0.5142122689131133,0.07847164443979908
522.872,0.6133473356332805,0.6337890683462319,0.001340310350974016,0.043024370553760835,0.5061525812408473,0.07382390994463019
521.645,0.599432288119643,0.6221384384698467,0.00135787258332541,0.04406635286410478,0.4978828298561875,0.06938348691115238
520.418,0.5862525139224462,0.610532967322797,0.0013757828493654689,0.04514466963630507,0.4894182833222855,0.06514633525775074
519.192,0.5730681442670215,0.5989946267218329,0.0013940362772182676,0.04625999894190042,0.48078140256809165,0.061111292683206524
517.965,0.5609545163786634,0.5875169951614225,0.0014126733192273372,0.04741584502953192,0.4719734709505504,0.057267109605036795
516.738,0.5496083300143402,0.5761217405815842,0.001431690480216958,0.0486130865003815,0.4630168404732353,0.053612226872735355
515.511,0.5389790351335464,0.5648209160390252,0.0014510996224182686,0.04985358747704385,0.45392684455702254,0.050141488120648635
514.284,0.5296364685565237,0.5536263967514969,0.0014709132826281445,0.05113930850850255,0.44471873335472006,0.046849545348822456
513.057,0.5213416664554287,0.542549881087325,0.0014911447373620415,0.052472311753805435,0.4354076367752928,0.043730891569466517
511.83,0.5143381881163325,0.5316028917768563,0.0015118080755312782,0.053854766397177393,0.4260085289688326,0.04077989207784756
510.603,0.5081572968000041,0.520796777382202,0.0015329182794719123,0.05528895429228937,0.4165361942998143,0.037990814260457174
509.376,0.5019764054836757,0.5101427141053136,0.0015544913152277587,0.05677727583013309,0.4070051948374071,0.03535785586874287
508.15,0.49548761846608785,0.4996601883940457,0.0015765260597752882,0.05832097308739898,0.3974376575027989,0.03287713548320397
506.923,0.4889988314485,0.48934292979174643,0.001599076692272658,0.05992521838259425,0.3878319913361528,0.0305387471289055
505.696,0.4819402076106707,0.47921022754962905,0.0016221450033041115,0.06159156917911811,0.3782097000671122,0.028338917038788405
504.469,0.4748769883146136,0.46927258881623857,0.001645752016578758,0.06332296260114542,0.3685841631893155,0.026271814752630216
503.242,0.4682871012160152,0.45954035931572434,0.0016699203670080662,0.06512248646578381,0.3589683992141922,0.024331657013623654
502.015,0.46246465564145156,0.4500237258434936,0.0016946744701968647,0.0669933860763807,0.3493750429181841,0.02251272612329809
500.788,0.4572878719478873,0.4407327189546777,0.0017200407099513594,0.06893907102342285,0.33981632432240855,0.020809386641059455
499.561,0.4521097096168547,0.4316772157071682,0.0017460476454424297,0.07096312191818713,0.33030404942947494,0.01921610045620258
498.334,0.4471737279344247,0.42286694247013656,0.0017727262397634696,0.07306929696640818,0.3208495827382656,0.017727440268909135
497.108,0.442237286706172,0.41431834406466805,0.0018000874971068786,0.07525971544907194,0.31147145005900434,0.01633919480217761
495.881,0.4370223607093174,0.4060269019100815,0.0018282125778637717,0.07754207963916837,0.3021647819752431,0.015043931465154791
494.654,0.4318074347124628,0.398008984651824,0.0018571192422456877,0.07991896532460034,0.2929472107746246,0.013837793050882187
493.427,0.42530256359107776,0.3902737425851228,0.001886850845875606,0.08239489891753543,0.28382819650543595,0.012715900053155468
492.2,0.41750820689098517,0.38283018727452145,0.0019174546794350246,0.08497460993034925,0.2748166973326614,0.011673529079877043
490.973,0.40779892274738766,0.37568719256159966,0.0019489823674709332,0.08766303315312837,0.2659211628577997,0.01070611792529896
489.746,0.3968001530250826,0.3688534944085404,0.0019814903033493103,0.09046530916867512,0.25714952920432926,0.009809269473126828
488.519,0.3845596904896385,0.36233768952297396,0.00201504012274253,0.0933867827969664,0.24850921584070224,0.008978754504327184
487.292,0.3723192279541944,0.35614823204741697,0.0020496992180693285,0.09643299898842632,0.24000712410595074,0.00821051348457919
486.065,0.3605566930744367,0.35029342795314733,0.002085541296317524,0.09960969560228605,0.2316496373964097,0.007500657406763239
484.839,0.3495675738144099,0.3447857768878748,0.002122616203798903,0.10292003507305261,0.22344924889434492,0.006845980456687325
483.612,0.3399492797437219,0.3396242687231279,0.002161072553617399,0.10637549958761483,0.21539793217249487,0.006241868157367497
482.385,0.33162047125174154,0.33482133069628617,0.002200977092024844,0.10997967690104446,0.20750728500076807,0.005685495454165417
481.158,0.32469465615669435,0.3303845482550969,0.00224243530616435,0.11373891653956464,0.1997816527006124,0.005173647455291054
479.931,0.3190583266403548,0.32632126891985536,0.0022855625196387176,0.11765965109146091,0.192224886615824,0.004703272435220161
478.704,0.31480890641715115,0.3226385649140866,0.002330484758967776,0.12174835229124022,0.18484035306244467,0.0042714785468395975
477.477,0.3118494313184779,0.319343186198239,0.0023773396784134626,0.12601147669240284,0.17763094349258904,0.0038755300848849115
476.25,0.31002825122281924,0.3164415022256435,0.0024262775445786327,0.13045539926674699,0.1705990857913677,0.003512843362362248
475.023,0.3089809462927142,0.31393943051079987,0.0024774622818618253,0.1350863330933781,0.16374675662338373,0.003180982258538336
473.797,0.30822407432260324,0.3118438930832781,0.0025310278480137785,0.13990622155952093,0.1570808577393073,0.0028778896821206237
472.57,0.30746674280666947,0.3101562053307134,0.002587256109540721,0.14492850639705251,0.15059162935872633,0.00260091721591878
471.343,0.30641943787656445,0.30888221388158854,0.0026463161611991735,0.15015441160483778,0.14428528916895314,0.00234830069116594
470.116,0.3053725924922822,0.3080249790509697,0.0027084382295370405,0.15558834893892456,0.13816215069714885,0.0021181449268490404
468.889,0.3043252875621772,0.3075864798775001,0.002773872345709346,0.16123388366068464,0.13222215067260457,0.001908676943278477
467.662,0.3040518577976259,0.3075674175124732,0.002842889753097271,0.16709352507889938,0.12646486583646765,0.001718240581639787
466.435,0.3043349380244555,0.3079669899198052,0.002915784369158401,0.17316848799721923,0.12088953018761521,0.0015452911102770803
465.208,0.305391433871016,0.3087826366063382,0.0029928742977205942,0.1794584236276399,0.11549505257903592,0.0013883898490799412
463.981,0.3064483892633993,0.3100097523201839,0.003074503387007156,0.18596111925686612,0.11028003458097622,0.0012461988401135582
462.755,0.3075053446557826,0.3116398781494354,0.0031609701925227537,0.1926666143800292,0.10524682199551486,0.0011175753333778158
461.528,0.3080623141929863,0.31366600685942103,0.003252815649823851,0.19957889017210806,0.10038524672715533,0.00100115805506688
460.301,0.30861928373019004,0.31607422219531145,0.003350402053709061,0.2066826587311927,0.0956972749245751,0.0008959902290184948
459.074,0.30972449143396474,0.31884830461785896,0.003454192475264087,0.21396467033494362,0.09118046038319477,0.0008010851675771637
457.847,0.3116031147574703,0.32196816360010416,0.0035646839663182844,0.22140791148637615,0.08683214016479762,0.0007155317299484568
456.62,0.3149766406424641,0.32540943700951175,0.0036824092325527095,0.22899118937385307,0.08264945245280948,0.0006384896960004254
455.393,0.3196396521061656,0.32914310739943176,0.0038079382879338277,0.2366887333820556,0.07862935416928662,0.0005691853038258602
454.166,0.3248665262944123,0.33313515525878756,0.0039418800761459065,0.24446983368025973,0.07476863829611397,0.0005069069583473016
452.939,0.33086773519403556,0.33734627339435974,0.004084884043317343,0.2522985411355511,0.0710639508470734,0.00045100111635910267
451.712,0.33722371346884134,0.3417316704726545,0.00423764164495479,0.2601334567840852,0.0675118074417118,0.0004008683516769585
450.486,0.34357969174364716,0.34623728469159687,0.004400750244683048,0.267921320599885,0.06411132338039041,0.0003559942152260045
449.259,0.35062866511919816,0.3508146740423399,0.00457525501533875,0.27562246254649564,0.060853256667641846,0.0003158035587144378
448.032,0.35767809804057193,0.35539916397465277,0.004761852836965784,0.2831728782688313,0.05773666045913086,0.00027987614788483825
446.805,0.36462826906422624,0.35992498189079924,0.004961416243671271,0.2905101909581561,0.05475768514690561,0.0002477932919505286
445.578,0.37157844008788055,0.3643223549333925,0.0051748656343690285,0.2975679933697737,0.0519124261988694,0.00021917347441859566
444.351,0.3777230272842097,0.36851849934100755,0.005403169952719522,0.30427682607882856,0.0491969375551239,0.00019366949878646893
443.124,0.38309327976916235,0.37243887237855233,0.005647347146319323,0.3105654187644704,0.04660724440287396,0.00017096580453510688
441.897,0.38739968367439015,0.3760086717265949,0.00590846437901745,0.3163621798330145,0.04413935531454837,0.00015077594858158483
440.67,0.3904161424550875,0.3791545480780769,0.006187637969676498,0.32159689986871526,0.04178927373759894,0.00013284024684865378
439.444,0.3923039566950486,0.3818045328298467,0.006485781687299775,0.32619913299236436,0.039554786112639205,0.00011693577929151643
438.217,0.39290182581047933,0.38389823825491476,0.006804594272596904,0.3301146486227163,0.0374282749999412,0.00010282410643789065
436.99,0.39176996444898365,0.3853757484757807,0.007145100772502961,0.33328476528481216,0.035407659229164494,9.03269328052921e-05
435.763,0.3893476984171348,0.38618855776803684,0.007508607058846605,0.3356637600050153,0.03348902344435745,7.927100640938026e-05
434.536,0.3860715962465694,0.3862988014589064,0.007896462805466152,0.3372164474453331,0.031668494724959084,6.950023450383838e-05
433.309,0.3820211593646275,0.385680535739084,0.008310059223230554,0.33791945596856,0.029942250136489157,6.0874156625224475e-05
432.082,0.37784986193129566,0.3843206099300005,0.00875082633930745,0.3377620971617713,0.02830652364452267,5.326653345821545e-05
430.855,0.3736785644979639,0.38221907175829983,0.009220229798845668,0.3367467692596646,0.026757612404479658,4.6564045011645036e-05
429.628,0.36945901475324067,0.37938907726856996,0.009719767169311049,0.3348888663119377,0.025291882441861972,4.066509169947823e-05
428.402,0.36523946500851745,0.37585946785111446,0.010250517497840981,0.3322186995030092,0.023906871943503057,3.548265151879705e-05
427.175,0.36178965451694295,0.3716616431593138,0.0108148938014914,0.32877108386353865,0.022596842295680486,3.09269467730219e-05
425.948,0.35833984402536845,0.3668454745602503,0.011414042209983596,0.3245970503381913,0.021359555975672424,2.6929780726253987e-05
424.721,0.35545435580416207,0.36146663846375304,0.012049540524848202,0.31975407575074577,0.020191699641631106,2.342628253988721e-05
423.494,0.35256886758295564,0.35558733543075505,0.012722972036944693,0.3143060597864908,0.019090048710458416,2.0358638273832466e-05
422.267,0.3490469083972054,0.34927433591292356,0.013435918594848098,0.30832137589308306,0.018051469779934357,1.767538427858807e-05
421.04,0.344234544541102,0.3425970500575204,0.014189953126461232,0.30187094732576936,0.017072922585282965,1.533076379502587e-05
419.813,0.33816486331388523,0.33562570902722655,0.014986631623631792,0.29502643549451185,0.01615146151436675,1.3284142011468564e-05
418.586,0.3308052369621381,0.3284297263417102,0.015827484604631605,0.2878586093004717,0.015284236706076145,1.1499475078121394e-05
417.359,0.3230219093617921,0.32107628723679227,0.016714008074633767,0.2804359433239482,0.014468494756697262,9.944828829235287e-06
416.133,0.3152385817614461,0.31363528417932685,0.017646873522050393,0.2728297365162343,0.01370218491302734,8.592970643260544e-06
414.906,0.3080191168856454,0.3061540653106931,0.018628999811522898,0.2650882535507735,0.012981498962665174,7.41673137170041e-06
413.679,0.30080011155566755,0.29869328676431905,0.01966097911914391,0.25727339807540844,0.012304618077722759,6.395235773639996e-06
412.452,0.29430259316744695,0.2913022514221666,0.02074407003836217,0.24943560140081894,0.011669174697316643,5.5090328298616134e-06
411.225,0.28780461523340356,0.2840247553685913,0.02187944501828811,0.24161977686906475,0.011072896235488152,4.7409890258469825e-06
409.998,0.2815005656365714,0.27689907036256045,0.023068179041098837,0.2338653150906591,0.010513603951186709,4.076029598450126e-06
408.771,0.2751965160397392,0.2699580682856322,0.024311238090124032,0.22620622143923236,0.009989211594800002,3.5009063816771783e-06
407.544,0.26898897106568986,0.26322945436186274,0.02560946747049263,0.21867136279893656,0.009497723853339857,3.003989809980317e-06
406.317,0.2627814260916405,0.2567360791290412,0.026963580048200583,0.21128479312641577,0.009037234615656337,2.5750828251986936e-06
405.091,0.2561869435348143,0.2505012800684199,0.028372971764303177,0.2040719413241412,0.008606265188862088,2.2055341548908473e-06
403.864,0.2495924609779881,0.24452913948698551,0.029840354303924448,0.19703662185866902,0.008202380136686279,1.8869329145868814e-06
402.637,0.24280864554217846,0.2388354182803596,0.03136484651585411,0.19019677058115542,0.00782429215646204,1.6127755172610467e-06
401.41,0.23602483010636882,0.23342739179497585,0.03294651489619717,0.18356117190345075,0.007470431634399106,1.3771022037313483e-06
400.183,0.229885757459913,0.22830942668224452,0.03458523598733278,0.17713581224157862,0.00713930747695173,1.1747168923971808e-06
398.956,0.22374668481345716,0.2234833449620055,0.03628068565069385,0.17092425726301647,0.006829504697703775,1.0010944276736807e-06
397.729,0.218199507186736,0.2189487612558878,0.038032328772046396,0.1649280019756487,0.006539681949534188,8.522983809501881e-07
396.502,0.21265187001419203,0.2147033904584532,0.039839409469809496,0.15914679080570052,0.006268569016195435,7.249082999252106e-07
395.275,0.20736249759404782,0.21074332485659397,0.04170094187329924,0.15357890649189146,0.0060149642764774185,6.159554050292305e-07
394.049,0.20284700033945727,0.20706616757888696,0.043614119721584035,0.14822570954336767,0.005777919125122311,5.229358615232448e-07
392.822,0.1989197217380192,0.20365948226753972,0.04558059419516695,0.14307457286186923,0.0055559754800598125,4.4347030969367964e-07
391.595,0.19576631830213476,0.20051897042867495,0.047597101937657135,0.13812527450484674,0.005348322015720596,3.7571234236196687e-07
390.368,0.1934676700966125,0.1976364155234478,0.049661658575135756,0.13337253675282038,0.0051540059460534245,3.1799563927042175e-07
389.141,0.1919428970566439,0.1950029362087662,0.05177201416007751,0.12881062652674585,0.0049721303870743265,2.68881954414145e-07
387.914,0.1905752886880645,0.19260910604862147,0.05392564846022056,0.12443348232353102,0.004801851881103334,2.2713127423426955e-07
386.687,0.18920768031948507,0.19044505466445116,0.056119767118031544,0.12023482165209759,0.004642377960224226,1.9167567789443844e-07
385.46,0.18788832426229707,0.18850055250368314,0.05835129869670866,0.11620823120297295,0.004492964755133653,1.6159646934324972e-07
384.233,0.18656896820510904,0.18676508149292204,0.060616892623752035,0.1123472418538916,0.004352914654803081,1.3610419685278484e-07
383.007,0.1850078910451412,0.18522906832004082,0.06291103544037324,0.10864834439837787,0.004221677686323848,1.1453737929844479e-07
381.78,0.18344681388517334,0.18387908405202325,0.06523356101774999,0.10509910222669307,0.004098428269817849,9.628016293419297e-08
380.553,0.1818857367252055,0.18270538693104754,0.06757841900954933,0.10169628623733362,0.0039827045787127705,8.085393864838254e-08
379.326,0.18032465956523766,0.18169679122729576,0.06994114020997724,0.0984337151634007,0.0038739717694990126,6.783289212305373e-08
378.099,0.1790880217561492,0.18084202488171286,0.07231697979868312,0.09530536150869436,0.0037717304614890397,5.685311657909663e-08
376.872,0.17785184349288352,0.18012975000601728,0.07470092095642258,0.09230537041174054,0.0036755147782299145,4.76039520524543e-08
375.645,0.1777760184321256,0.1795485795373679,0.07708767956979418,0.089428073424909,0.0035848904600117534,3.982048366378824e-08
374.418,0.17770065291719045,0.17908709074981743,0.07947171012666418,0.08666799804804172,0.0034994530483012324,3.32770517212759e-08
373.191,0.17811654188680212,0.17873383686310262,0.08184721294128652,0.08401987374111275,0.0034188261425235895,2.7781644016253645e-08
371.965,0.17853289040223658,0.17847752982197562,0.08420622636577921,0.08148066394979835,0.0033427200782671154,2.3174492730951904e-08
370.738,0.1780462313759175,0.17830629422678612,0.08654632299076903,0.07904136997900907,0.003270685688288229,1.930959932905347e-08
369.511,0.1775595723495984,0.17820891740484512,0.08885906954709447,0.07669945069039866,0.0032024848391544788,1.607352305406905e-08
368.284,0.17664139979569327,0.17817395598831354,0.09113775612387691,0.07445045289182242,0.0031378373547755857,1.3366684027996714e-08
367.057,0.1757236867876109,0.17818999517112388,0.09337548288316824,0.07229012145312817,0.003076483478070501,1.1104808557884017e-08
365.83,0.1751924518164826,0.17824566339913872,0.09556518090365584,0.07021439447218585,0.003018182552288674,9.216653472561851e-09
364.603,0.17466121684535432,0.1783296500943834,0.09769963669485224,0.06821939773526522,0.0029627117691143384,7.642056283128792e-09
363.376,0.17480735241699688,0.17843072709001717,0.09977152086544624,0.06630143866142674,0.0029098649819020612,6.330266501338846e-09
362.149,0.17495348798863944,0.1785377743835852,0.101773421416147,0.06445699988799788,0.0028594515822572436,5.238519266126547e-09
360.922,0.17471268597750514,0.17863981072514434,0.10369788207989579,0.06268273262644912,0.002811295438062934,4.330817533499844e-09
359.696,0.17447188396637087,0.1787259687189362,0.10553598338924486,0.060976814882016436,0.0027652706196368473,3.5774525857621164e-09
358.469,0.17443466075472608,0.17878580580145353,0.10728332081783391,0.05933343377020802,0.0027211520130943348,2.9517879309597817e-09
357.242,0.17439743754308126,0.17880891690947465,0.10893105498630068,0.05775112374076217,0.0026788394913739924,2.4331630256900118e-09
356.015,0.174827572433199,0.17878529135123244,0.1104720452677043,0.05622714246061434,0.002638205357165766,2.003697024737768e-09
354.788,0.17603204203469316,0.17870529248466482,0.11189938006884441,0.05475888257846311,0.0025991319301029684,1.648419288673156e-09
353.561,0.17784081439313693,0.178559719799523,0.11320644605704312,0.0533438653269795,0.00256151080973087,1.354809120047604e-09
352.334,0.1796495867515807,0.1783398741899873,0.11438700032498345,0.051979734312253285,0.00252524218506578,1.1124060051315322e-09
351.107,0.18145789956420166,0.17803762490075314,0.11543524403286484,0.05066424950867906,0.0024902341885788652,9.124799432559323e-10
349.88,0.18326667192264542,0.1776454765458766,0.11634589577141152,0.04939528147188759,0.0024564022924632536,7.477529226816584e-10
348.654,0.18465220257831308,0.1771570735036221,0.11711369551058783,0.04817178613347401,0.002423694995377889,6.122639500334159e-10
347.427,0.18526385806842707,0.17656558888484142,0.11773586052805504,0.04698984411261537,0.0023919874864276507,5.00752823009838e-10
346.2,0.1855372878329784,0.17586616170956404,0.11820838289523114,0.04584864101002986,0.0023612411370435376,4.091503368007869e-10
344.973,0.18503638288615326,0.17505443443587865,0.11852870600342472,0.04474643633215035,0.0023313955095817106,3.339774997175036e-10
343.746,0.18387051513377223,0.17412694662198192,0.11869508037207549,0.04368157466955572,0.002302395049772937,2.723493195631257e-10
342.519,0.18193077221583748,0.17308115850755712,0.11870659205806397,0.04265248127823004,0.0022741886940004126,2.218759191067528e-10
341.292,0.17921715413234907,0.171915461509343,0.11856317769028449,0.04165765787786829,0.002246729505142144,1.8057966112920247e-10
340.065,0.17650353604886068,0.17062917491421103,0.11826562551704772,0.04069567866064828,0.0022199743352559393,1.4682577008899047e-10
338.838,0.17350224228031488,0.1692225288170448,0.11781556242337539,0.03976518650326688,0.0021938835134526695,1.1926431837201655e-10
337.612,0.1705014080575919,0.16769792541163042,0.11721597683861423,0.038865611156609206,0.0021684410632264784,9.679828657653169e-11
336.385,0.16769358308043453,0.1660548243089579,0.1164691004357191,0.03799425559197658,0.0021435719411674343,7.847400870305801e-11
335.158,0.16488621764909997,0.16429715295817005,0.11557929660719914,0.03715069376397676,0.0021192662647345345,6.355632777044299e-11
333.931,0.1630903125736939,0.16242836608216749,0.11455116502694608,0.03633380915751666,0.002095495597807804,5.1424081487104315e-11
332.704,0.16129440749828786,0.1604525719412777,0.11338990412044714,0.03554253777987197,0.002072233745612597,4.156703812916522e-11
331.477,0.15988544000565866,0.15837445877332357,0.11210124049502618,0.034775865426840184,0.0020494565628402,3.3566526768690876e-11
330.25,0.15847647251302946,0.15619921893812716,0.11069135578363382,0.03403282509697615,0.0020271417773076307,2.7079367808373713e-11
329.023,0.15645079452623573,0.15393247258180054,0.10916681292654012,0.03331249454640595,0.002005268828046404,2.1824556439034206e-11
327.796,0.15442511653944202,0.1515801926543645,0.10753448368714313,0.03261399397695487,0.0019838187167731673,1.7572239751073825e-11
326.569,0.15175423621747172,0.14914863289959612,0.10580147890904894,0.031936483850582544,0.001962773871756187,1.4134602630539497e-11
325.343,0.14908381544132418,0.14664632872518268,0.10397660722901214,0.031279690527019136,0.0019421347033657527,1.1360369279707e-11
324.116,0.14626817818517965,0.14407580967599642,0.10206428297831183,0.0306417779679711,0.00192185247025069,9.120084404211984e-12
322.889,0.14345254092903512,0.14144579610729124,0.10007341039901811,0.030022559280192596,0.001901930164036076,7.314422722504795e-12
321.662,0.13973389613113701,0.13876303615688812,0.09801144873716118,0.029421336380967795,0.0018823547737514784,5.860518531811948e-12
320.435,0.13601525133323894,0.1360342717525782,0.09588581911693783,0.028837442189987815,0.0018631141898244974,4.691014989275923e-12
319.208,0.13150480908269893,0.13326619787403615,0.09370386541971906,0.028270239070028014,0.0018441971247690856,3.7512187208832335e-12
317.981,0.12699436683215892,0.13046542691881768,0.09147282026675,0.02771911735271675,0.0018255930409002714,2.996765380819214e-12
316.754,0.12287040261857297,0.1276384579759906,0.08919977569306187,0.027183493944604956,0.0018072920844996077,2.3917065246356566e-12
315.527,0.11874689795080981,0.12479165034164907,0.08689165804697513,0.02666281100900078,0.0017892850258966818,1.9069434880524294e-12
314.301,0.11511510731341626,0.12193353597103851,0.08455712057904083,0.026156941606651756,0.0017715775342856568,1.5192289863163702e-12
313.074,0.11148331667602271,0.11906546341924695,0.08219888472722155,0.025664549844178916,0.0017541325882773164,1.2089354091789638e-12
311.847,0.10849626882798297,0.11619557616722886,0.0798251579887558,0.025185564841250292,0.0017369570808039116,9.610760340437596e-13
310.62,0.10550922097994322,0.11332947908522328,0.07744202108463784,0.02471951796012565,0.0017200437805804162,7.632858062674089e-13
309.393,0.10314301953847298,0.11047255307130399,0.07505531073996599,0.02426596022410928,0.0017033858534244168,6.056077369917522e-13
308.166,0.10077681809700273,0.10762994515607716,0.07267061070310624,0.023824461371704048,0.001686976828622706,4.800322689965893e-13
306.939,0.09841061665553248,0.10480656008803635,0.07029324430865722,0.023394608961080383,0.0016708105684378406,3.8012308046737406e-13
305.712,0.09604441521406223,0.10200705341048888,0.06792826839434443,0.022976007522003607,0.0016548812404721738,3.007134387104148e-13
304.485,0.09281564626324267,0.09923582572810119,0.0655804684267194,0.02256827775252751,0.0016391832926299344,2.376600714031607e-13
303.259,0.08958641776660031,0.09649923602410126,0.0632562405048475,0.022171375309539703,0.0016237239492772665,1.8768009244920963e-13
302.032,0.08571290602642694,0.09379669566988014,0.06095602274014561,0.02178430374020078,0.001608472937216896,1.4803742449915115e-13
300.805,0.08183939428625356,0.09113406352480524,0.058685673349327894,0.02140705579824687,0.0015934381183969088,1.166539966320175e-13
299.578,0.07853847664125825,0.08851468559078057,0.056448864856794304,0.021039309620843282,0.0015786148554350807,9.183379126138437e-14
298.351,0.07523755899626296,0.08594164044188801,0.05424898940719077,0.02068075608517532,0.00156399869738596,7.222377683074764e-14
297.124,0.0728396488930212,0.08341773962820298,0.05208915978113516,0.020331098225374086,0.0015495853659437018,5.674566198480378e-14
295.897,0.07044127924395668,0.08094552898910479,0.0499722113176289,0.019990050679293762,0.0015353707429490214,4.454099641004993e-14
294.67,0.06917201368145118,0.0785272910106869,0.04790070473536535,0.019657339163479084,0.0015213508590744102,3.4927055962024945e-14
293.443,0.06790274811894569,0.07616504795078072,0.04587692984248323,0.01933269997475928,0.0015075218835731933,2.7361431959957765e-14
292.217,0.06805210051134766,0.07386242020584177,0.04390449818335961,0.01901613460768518,0.0014938911577295146,2.1417924527379873e-14
290.99,0.06820145290374965,0.07161716556947795,0.04198195358415448,0.018706882865659104,0.0014804328672411552,1.6745732718113404e-14
289.763,0.06856863001614716,0.06943245595539338,0.040112433571918335,0.018404971395588634,0.0014671547384860052,1.3079938986941084e-14
288.536,0.06893534758272188,0.06730932269056211,0.03829719871635246,0.01811017430713762,0.0014540534102845267,1.0206623005934372e-14
287.309,0.06814171194678886,0.06524856582109351,0.036537269790365944,0.017822274149323504,0.0014411256214299638,7.956704385616401e-15
286.082,0.06734807631085583,0.06325076226494275,0.03483343626079325,0.017541061543788546,0.0014283682049481539,6.196681390155597e-15
284.855,0.06608662302733752,0.061316274590353714,0.033186265420084265,0.017266334836035117,0.0014157780828698591,4.8212528321825354e-15
283.628,0.0648251697438192,0.05944526037637843,0.03159611209747577,0.016997899763657957,0.0014033522614640855,3.747446532292355e-15
282.401,0.06420891879547747,0.057637682100903476,0.03006312888339356,0.016735569140662616,0.0013910878268859374,2.9099517226935277e-15
281.174,0.06359220830131294,0.05589331755254534,0.028587276797020503,0.016479162557011266,0.0013789819411971558,2.2574125052014996e-15
279.948,0.06309268199195614,0.05421311553072883,0.027169469676850258,0.01622870808124629,0.00136704151531319,1.7498518073412063e-15
278.721,0.06259315568259935,0.052593776421417715,0.025807006239316574,0.015983629550473517,0.0013552443756091417,1.3548037218979392e-15
277.494,0.06144888658388874,0.05103598561618128,0.02450051984715201,0.015743971821330936,0.0013435976935689967,1.0479156159054734e-15
276.267,0.060304157939355355,0.0495388923191058,0.023249318306346745,0.015509578855686473,0.001332098901249466,8.097502168315424e-16
275.04,0.05904316420165981,0.04810151706988108,0.022052575234480495,0.01528030009093242,0.0013207454911167615,6.251016931415862e-16
273.813,0.057781710918141486,0.04672276331621106,0.020909341827935142,0.015055990215419687,0.0013095350136333652,4.82086682489984e-16
272.586,0.05690719521740001,0.04540142884434317,0.01981855855761689,0.014836508954336284,0.001298465075022134,3.7142785521231934e-16
271.359,0.05603267951665853,0.044136217184131965,0.01877906672677919,0.014621720865491704,0.001287533335190072,2.8588983221190645e-16
270.132,0.05542837675970895,0.04292574873761623,0.017789619828445208,0.014411495144499758,0.0012767375057960316,2.1983553073903946e-16
268.906,0.05482407400275937,0.041769493491301546,0.016849641866568538,0.014205871383864407,0.001266083984233761,1.68913964670513e-16
267.679,0.054026302454421374,0.040664052867214195,0.01595621125964061,0.014004392148348444,0.0012555532025260703,1.2963285920877241e-16
266.452,0.05322853090608337,0.039608826769836014,0.015108669781940011,0.013807108971787002,0.0012451517610218333,9.938932939787641e-17
265.225,0.05172535651978522,0.038602208991505904,0.014305527353868926,0.013613907821415663,0.001234877561442507,7.61271613601267e-17
263.998,0.05022218213348707,0.037642561252141604,0.013545257999030641,0.013424678453397973,0.0012247285493148146,5.82525387804049e-17
262.771,0.04807380541201233,0.03672822218868532,0.01282630895625398,0.013239314265198875,0.0012147027126526695,4.453132282215181e-17
261.544,0.04592588823636037,0.03585751578066265,0.012147109293064492,0.01305771215450633,0.0012047980807107048,3.400886015787963e-17
260.317,0.04386978831609892,0.03502875935737393,0.011506077999670981,0.01287977238437798,0.001195012722802996,2.594744458903424e-17
259.09,0.0418136424412552,0.03424027100481908,0.010901631547836115,0.012705398454306866,0.0011853447471812542,1.977759753594973e-17
257.864,0.04066036624441819,0.03349097233513021,0.010332641169210939,0.012534634871785648,0.0011758000386291939,1.5063504964643226e-17
256.637,0.039507090047581184,0.03277798183989944,0.009796611639556495,0.012367112734533158,0.0011663612108533453,1.1459346893579979e-17
255.41,0.03912768901629786,0.032100285672640894,0.009292469886873544,0.012202885218081275,0.001157034314752098,8.709078305162345e-18
254.183,0.03874833393959681,0.031456268356123473,0.008818686907645173,0.012041867584677273,0.0011478176041030649,6.612477308344686e-18
252.956,0.03875587049109033,0.030844344128126977,0.008373760740286139,0.011883977767596789,0.0011387093667441877,5.015767699789449e-18
251.729,0.038763452997166124,0.03026296120151528,0.007956220753212616,0.01172913627215516,0.0011297079237184995,3.8009652989770614e-18
250.502,0.03857752075727122,0.0297106053767493,0.00756463141590411,0.011577266080907781,0.0011208116284521451,2.877639459784493e-18
249.275,0.03839158851737631,0.029185803257860243,0.007197595569883067,0.011428292562841651,0.0011120188659633173,2.176548943412364e-18
248.048,0.03756077562438077,0.028687124915450113,0.006853757219034437,0.01128214338637019,0.00110332805209999,1.6447308812306248e-18
246.822,0.03672996273138522,0.02821356273489073,0.006532057687624276,0.01113886419941378,0.0010947445934997022,1.2419999792082352e-18
245.595,0.03543156196371577,0.02776300845653168,0.0062307059082683195,0.010998153333469724,0.0010862529641332424,9.368241723021913e-19
244.368,0.034133207150628585,0.02733457054637256,0.005948752742790086,0.010860062847148464,0.0010778587098935026,7.060164941348198e-19
243.141,0.03218992572985849,0.02692701130217756,0.005685025883816087,0.010724528804952076,0.001069560362815892,5.316266316865679e-19
241.914,0.030246644309088386,0.026539143662375864,0.005438401736130811,0.01059148918696795,0.00106135648232667,3.999940288716533e-19
240.687,0.02820561749181397,0.026169831562583568,0.005207805825461975,0.010460883821245635,0.0010532456546195853,3.0073329174858347e-19
239.46,0.026164590674539554,0.0258179899683455,0.0049922129026425035,0.010332654318906124,0.0010452264920513465,2.259569826793135e-19
238.233,0.024768444510365778,0.025482584667770425,0.004790646770219523,0.010206744011860083,0.0010372976325549778,1.696808838618447e-19
237.006,0.023372344300774284,0.025162631740386132,0.0046021798582586235,0.010083097893017354,0.0010294577390701988,1.2736936700071557e-19
235.779,0.0223994398393766,0.024857196887751343,0.004425932575561044,0.009961662558876127,0.0010217054989900278,9.558822681644641e-20
234.553,0.02142653537797892,0.024565626994444756,0.004261202402098355,0.00984248249889044,0.0010140458364602022,7.175662884049832e-20
233.326,0.020260162125192816,0.024286608982947655,0.0041069347737526535,0.009725312966119367,0.0010064649916601538,5.3873996777362984e-20
232.099,0.019093788872406713,0.02401959452254232,0.00396252713243677,0.009610203127758456,0.0009989680048615981,4.048070491486669e-20
230.872,0.018044278122352382,0.023763837034493918,0.003827281660587266,0.009497105463417794,0.0009915536560190928,3.0459192326569114e-20
229.645,0.016994813326880326,0.023518633573985426,0.003700542767080472,0.009385973801435061,0.000984220746993811,2.296756812993335e-20
228.418,0.016590229184508913,0.02328332322576898,0.003581695591609531,0.00927676327368492,0.000976968101084062,1.7372254674086398e-20
227.191,0.0161856450421375,0.023057285532559035,0.0034701644406147066,0.009169430272125292,0.0009697945625679663,1.3196926867234054e-20
225.964,0.015954401584116946,0.022839938832476037,0.0033654111720574863,0.009063932407005598,0.0009626989962578564,1.0083845319612276e-20
224.737,0.015723112171514116,0.022630738556472352,0.0032669335449485946,0.00896022846666562,0.000955680287065992,7.764605475288177e-21
223.511,0.015491868713493563,0.022429336819186574,0.003174336829457978,0.00885836076430138,0.0009487429675008245,6.03924240050808e-21
222.284,0.015260625255473009,0.022234929867408937,0.0030870347935054356,0.008758124176919745,0.0009418746451403661,4.754395383566434e-21
221.057,0.014810454167482282,0.02204724146940862,0.003004700662151253,0.008659564598787176,0.0009350799519076405,3.798990148230552e-21
219.83,0.014360237124909277,0.021865858303499408,0.002926959045937026,0.008562645157263713,0.0009283578489702764,3.0888122331620184e-21
218.603,0.013910066036918549,0.021690395686164265,0.00285346213817442,0.008467329978408069,0.0009217073155818028,2.560996270520635e-21
217.376,0.013459894948927822,0.021520495869481238,0.002783888111503954,0.008373584154997735,0.0009151273487079199,2.168661239387037e-21
216.149,0.012912989465242884,0.021355826491344487,0.002717939553540392,0.00828137371572564,0.0009086169626617987,1.8768815519088874e-21
214.922,0.012366083981557946,0.021196078985667555,0.0026553419474665005,0.008190665595524673,0.0009021751887481452,1.6596644865839765e-21
213.695,0.01143224091509617,0.02104096714174375,0.0025958422024308044,0.008101427606973662,0.000895801074915776,1.4976849538793552e-21
212.469,0.010498397848634392,0.020890346731903264,0.002539252287888908,0.008013699391232271,0.0008894987989979603,1.3766747419338194e-21
211.242,0.009234003471850308,0.02074372635615873,0.00248526559612069,0.007927307341974402,0.000883257160803056,1.2857924909392979e-21
210.015,0.007969655049648503,0.020601002888724906,0.002433732329921932,0.007842293881242404,0.0008770804237794308,1.2172557993620386e-21
208.788,0.007350187280547339,0.02046196553055779,0.0023844715093149582,0.007758630065755978,0.000870967699127544,1.1652176329094434e-21
207.561,0.006730719511446174,0.020326419158664066,0.0023373170887948124,0.007676287701667237,0.0008649181130745002,1.1253526098579261e-21
206.334,0.006812564622482463,0.020194183227431495,0.002292116841141434,0.007595239321590344,0.0008589308065728627,1.094464186534121e-21
205.107,0.006894455688101029,0.02006509065904538,0.0022487313028579014,0.00751545816244115,0.0008530049350064521,1.0701923930926976e-21
203.88,0.006589363216360478,0.01993898685395834,0.002207032780594285,0.007436918144054626,0.0008471396679029405,1.0507966061328746e-21
202.653,0.006284316699202205,0.019815728712273994,0.0021669044175277787,0.007359593848549378,0.00084133418865306,1.0349942598054496e-21
201.426,0.004788173363992515,0.019695183771546,0.0021282393183377148,0.007283460500409787,0.0008355876942362519,1.0218412143251833e-21
200.2,0.0032920484106157364,0.019577324434067123,0.002090969598945631,0.007208554576043551,0.0008299040074098575,1.0106515934930826e-21
198.973,0.0017959096708642743,0.019461844825855223,0.0020549451464997323,0.007134730347758213,0.0008242730801349557,1.0008972469145606e-21
197.746,0.0002997801220292684,0.01934873668869841,0.0020201151972902764,0.007062026423969537,0.0008186988081306544,9.92213398227483e-22
196.519,0.00014988546555640633,0.019237902164604748,0.0019864050562727487,0.006990420412383184,0.000813180440100567,9.843252737139637e-22
195.292,0.0,0.01912925039869151,0.001953746429656723,0.00691989047331659,0.0008077172370563024,9.770314953013886e-22
194.065,0.0007529750215338575,0.019022696887986967,0.0019220768604338526,0.00685041530353669,0.000802308472078369,9.70184582812617e-22
192.838,0.0015059546385259432,0.018918163015769096,0.0018913392076491627,0.006781974120642149,0.000796953430082434,9.636765961189383e-22
191.611,0.002250873821786549,0.018815575476764934,0.0018614811669855683,0.006714546647969405,0.0007916514075908057,9.574285731206162e-22
190.384,0.002995788409588927,0.01871486589880078,0.001832454830239944,0.006648113100002725,0.0007864017125090045,9.51382768031584e-22
189.158,0.003353765414614465,0.018616050245327642,0.0018042389860044201,0.006582707125345631,0.0007812078794495615,9.455016941723284e-22
187.931,0.0037117332287235475,0.018518907552788733,0.001776747337253351,0.00651820319337768,0.0007760607660735382,9.39744887080013e-22
186.704,0.003731126062444667,0.01842346307967091,0.0017499662016169028,0.00645463665253462,0.0007709639704955033,9.34094588764063e-22
185.477,0.003750518896165787,0.018329664188058814,0.0017238615429268408,0.006391989545072799,0.0007659168440083881,9.28534223309645e-22
184.25,0.0037699117298869065,0.018237461361422902,0.0016984020202193677,0.0063302443383789295,0.0007609187482433164,9.230516157195607e-22
183.023,0.0037893505181903035,0.018146807957236888,0.001673558732329852,0.006269383913031604,0.0007559690549741319,9.176377952454199e-22
181.796,0.0043556488355963605,0.01805765994140529,0.0016493049860033832,0.006209391551249373,0.0007510671459261887,9.122861222711677e-22
180.569,0.0049219471530024175,0.017969975680898642,0.0016256160856667806,0.006150250925711247,0.0007462124125893004,9.06991651913138e-22
179.342,0.005488245470408475,0.017883715740026673,0.001602469143107756,0.006091946088736063,0.0007414042560347434,9.017506706263784e-22
178.116,0.006054543787814532,0.01779891132900957,0.0015798611391459262,0.006034507981736408,0.0007366459493184217,8.965645691995885e-22
176.889,0.006975565525820878,0.01771538853427046,0.0015577354327368093,0.005977827695399846,0.0007319291502041863,8.91422718710671e-22
175.662,0.007896587263827224,0.0176331832226424,0.0015360922395327467,0.005921937541308434,0.0007272571872656026,8.863276707251632e-22
174.435,0.00972047867984029,0.01755226307795965,0.0015149143390059698,0.005866822988593723,0.0007226294981403411,8.812780689666306e-22
173.208,0.011544324141271076,0.017472597228334052,0.001494185610720082,0.005812469836876806,0.0007180455291901298,8.762728062448349e-22
171.981,0.01351733817677474,0.017394156126101734,0.0014738909322016612,0.005758864207344979,0.0007135047353400929,8.713109567764055e-22
170.754,0.015490352212278404,0.017316911449597683,0.001454016087201217,0.0057059925341064344,0.0007090065799215016,8.663917272305792e-22
169.527,0.016302553499451547,0.017240836030396167,0.0014345476833490078,0.005653841555813219,0.0007045505345178582,8.615144213477628e-22
168.3,0.017114708832042413,0.017165903718705522,0.0014154730782916032,0.005602398307543017,0.0007001360788142328,8.566784143862903e-22
167.074,0.017169119057459017,0.01709214908987633,0.0013967953956414507,0.005551691192882472,0.0006957662481474546,8.518870263759024e-22
165.847,0.017223529282875617,0.017019427607010584,0.0013784728394466341,0.005501625105101473,0.0006914334097076834,8.47131909471334e-22
164.62,0.017922866115975135,0.01694777649754542,0.0013605100351113109,0.005452229563413166,0.0006871406475749421,8.424164865909485e-22
163.393,0.018622202949074657,0.01687717318054638,0.001342896743060957,0.005403492712068936,0.0006828874723902152,8.377402792379005e-22
162.166,0.020473253523213743,0.016807595820864663,0.0013256232047476307,0.0053554029547384025,0.0006786734021889789,8.331028271725565e-22
160.939,0.02232435005193511,0.016739023263653507,0.0013086801044224457,0.005307948947765987,0.0006744979622684873,8.285036848041343e-22
